stage,ctx_dim,ctx_name,n_total,n_valid,pearson_r,spearman_r,ref_mean,ref_std,pred_mean,pred_std,diff_mean,diff_std
eval,0,log_mean_firing_density,279,279,0.9630380779920965,0.9236347172003497,-9.283067132409755,0.8474948428796872,-9.602535121329796,0.7769012849996731,-0.31946798892004086,0.23163845839179809
eval,1,var_x,279,279,0.9924944835130985,0.9818517771035791,0.0933420121249172,0.132779424433487,0.10004393093615076,0.1293111422048784,0.006701918811233561,0.016424563974249632
eval,2,var_y,279,279,0.9857977985361157,0.9585240508123256,0.1192965085983717,0.10929761827731756,0.13621319564039347,0.11451011994407088,0.016916687042021785,0.019561970433119996
eval,3,var_t,279,279,0.8841997251792758,0.8374586326967576,0.2953807345214283,0.08094686690161122,0.3043156272354519,0.07354918689126685,0.00893489271402359,0.03786260951805906
eval,4,cov_xy,279,279,0.9591219232402513,0.8987631216043049,0.019968717326251557,0.03731222969393976,0.017274207395778285,0.03827272592070669,-0.00269450993047327,0.010847749583185193
eval,5,cov_xt,279,279,0.7759858439872294,0.7574260489408093,0.0008826198515234082,0.023121808150019976,0.0016742131806739796,0.02315007114357742,0.0007915933291505714,0.015486044913033969
eval,6,cov_yt,279,279,0.7245507975564826,0.6852360738770336,0.0013013000133074736,0.02095512686261224,0.0008736008557692958,0.023988332889178322,-0.00042769915753817784,0.01691523440798124
eval,7,active_site_ratio,279,279,0.7168946324233146,0.790117464500078,0.07097754256272401,0.04188507465467184,0.06121191756272402,0.03731314614809798,-0.009765625,0.030096724985207435
eval,8,temporal_trend,279,279,0.9130540048394747,0.8782767831192554,-0.1452626083046198,0.32844907056578204,-0.08926912805392644,0.2900821617845719,0.05599348025069335,0.13431293491680957
