assay_name,assay_id,mode,task_id,f1,thr,json_path,npz_path
sub-U_ses-20231119T113000_obj-1q4jnyp_ecephys,6,recon,,0.17043477779587157,0.550000011920929,reports/reconstruction_stage2a/sub-U_ses-20231119T113000_obj-1q4jnyp_ecephys/sample_0054/results.json,reports/reconstruction_stage2a/sub-U_ses-20231119T113000_obj-1q4jnyp_ecephys/sample_0054/arrays.npz
sub-U_ses-20231119T113000_obj-1q4jnyp_ecephys,6,noncausal,,0.1883239123112772,0.550000011920929,reports/reconstruction_stage2a/sub-U_ses-20231119T113000_obj-1q4jnyp_ecephys/sample_0055/results.json,reports/reconstruction_stage2a/sub-U_ses-20231119T113000_obj-1q4jnyp_ecephys/sample_0055/arrays.npz
sub-U_ses-20231119T113000_obj-1q4jnyp_ecephys,6,recon,,0.2485875656304064,0.550000011920929,reports/reconstruction_stage2a/sub-U_ses-20231119T113000_obj-1q4jnyp_ecephys/sample_0056/results.json,reports/reconstruction_stage2a/sub-U_ses-20231119T113000_obj-1q4jnyp_ecephys/sample_0056/arrays.npz
sub-U_ses-20231119T113000_obj-1q4jnyp_ecephys,6,noncausal,,0.1697722518992324,0.550000011920929,reports/reconstruction_stage2a/sub-U_ses-20231119T113000_obj-1q4jnyp_ecephys/sample_0057/results.json,reports/reconstruction_stage2a/sub-U_ses-20231119T113000_obj-1q4jnyp_ecephys/sample_0057/arrays.npz
sub-U_ses-20231119T113000_obj-1q4jnyp_ecephys,6,noncausal,,0.3044982648852385,0.550000011920929,reports/reconstruction_stage2a/sub-U_ses-20231119T113000_obj-1q4jnyp_ecephys/sample_0058/results.json,reports/reconstruction_stage2a/sub-U_ses-20231119T113000_obj-1q4jnyp_ecephys/sample_0058/arrays.npz
sub-U_ses-20231119T113000_obj-1q4jnyp_ecephys,6,spatial,,0.22323461919292667,0.550000011920929,reports/reconstruction_stage2a/sub-U_ses-20231119T113000_obj-1q4jnyp_ecephys/sample_0059/results.json,reports/reconstruction_stage2a/sub-U_ses-20231119T113000_obj-1q4jnyp_ecephys/sample_0059/arrays.npz
sub-U_ses-20231119T113000_obj-1q4jnyp_ecephys,6,spatial,,0.11428570963983692,0.550000011920929,reports/reconstruction_stage2a/sub-U_ses-20231119T113000_obj-1q4jnyp_ecephys/sample_0060/results.json,reports/reconstruction_stage2a/sub-U_ses-20231119T113000_obj-1q4jnyp_ecephys/sample_0060/arrays.npz
sub-U_ses-20231119T113000_obj-1q4jnyp_ecephys,6,recon,,0.1232394317961468,0.550000011920929,reports/reconstruction_stage2a/sub-U_ses-20231119T113000_obj-1q4jnyp_ecephys/sample_0061/results.json,reports/reconstruction_stage2a/sub-U_ses-20231119T113000_obj-1q4jnyp_ecephys/sample_0061/arrays.npz
sub-U_ses-20231119T113000_obj-1q4jnyp_ecephys,6,recon,,0.28152492176469074,0.550000011920929,reports/reconstruction_stage2a/sub-U_ses-20231119T113000_obj-1q4jnyp_ecephys/sample_0062/results.json,reports/reconstruction_stage2a/sub-U_ses-20231119T113000_obj-1q4jnyp_ecephys/sample_0062/arrays.npz
sub-10F-0_ses-20240928T165427_ecephys,21,causal,,0.14912280214335197,0.550000011920929,reports/reconstruction_stage2a/sub-10F-0_ses-20240928T165427_ecephys/sample_0162/results.json,reports/reconstruction_stage2a/sub-10F-0_ses-20240928T165427_ecephys/sample_0162/arrays.npz
sub-10F-0_ses-20240928T165427_ecephys,21,spatial,,0.153061219912016,0.550000011920929,reports/reconstruction_stage2a/sub-10F-0_ses-20240928T165427_ecephys/sample_0163/results.json,reports/reconstruction_stage2a/sub-10F-0_ses-20240928T165427_ecephys/sample_0163/arrays.npz
sub-10F-0_ses-20240928T165427_ecephys,21,causal,,0.17142856667346956,0.550000011920929,reports/reconstruction_stage2a/sub-10F-0_ses-20240928T165427_ecephys/sample_0164/results.json,reports/reconstruction_stage2a/sub-10F-0_ses-20240928T165427_ecephys/sample_0164/arrays.npz
sub-10F-0_ses-20240928T165427_ecephys,21,spatial,,0.13445377690946983,0.550000011920929,reports/reconstruction_stage2a/sub-10F-0_ses-20240928T165427_ecephys/sample_0165/results.json,reports/reconstruction_stage2a/sub-10F-0_ses-20240928T165427_ecephys/sample_0165/arrays.npz
sub-10F-0_ses-20240928T165427_ecephys,21,noncausal,,0.15936254502817432,0.550000011920929,reports/reconstruction_stage2a/sub-10F-0_ses-20240928T165427_ecephys/sample_0166/results.json,reports/reconstruction_stage2a/sub-10F-0_ses-20240928T165427_ecephys/sample_0166/arrays.npz
sub-10F-0_ses-20240928T165427_ecephys,21,noncausal,,0.22935779334778228,0.550000011920929,reports/reconstruction_stage2a/sub-10F-0_ses-20240928T165427_ecephys/sample_0167/results.json,reports/reconstruction_stage2a/sub-10F-0_ses-20240928T165427_ecephys/sample_0167/arrays.npz
sub-10F-0_ses-20240928T165427_ecephys,21,causal,,0.19230768755547348,0.550000011920929,reports/reconstruction_stage2a/sub-10F-0_ses-20240928T165427_ecephys/sample_0168/results.json,reports/reconstruction_stage2a/sub-10F-0_ses-20240928T165427_ecephys/sample_0168/arrays.npz
sub-10F-0_ses-20240928T165427_ecephys,21,noncausal,,0.18965516756131107,0.550000011920929,reports/reconstruction_stage2a/sub-10F-0_ses-20240928T165427_ecephys/sample_0169/results.json,reports/reconstruction_stage2a/sub-10F-0_ses-20240928T165427_ecephys/sample_0169/arrays.npz
sub-10F-0_ses-20240928T165427_ecephys,21,causal,,0.1628959229196783,0.550000011920929,reports/reconstruction_stage2a/sub-10F-0_ses-20240928T165427_ecephys/sample_0170/results.json,reports/reconstruction_stage2a/sub-10F-0_ses-20240928T165427_ecephys/sample_0170/arrays.npz
sub-10F-1_ses-20240928T165018_ecephys,22,causal,,0.13815789002402198,0.550000011920929,reports/reconstruction_stage2a/sub-10F-1_ses-20240928T165018_ecephys/sample_0171/results.json,reports/reconstruction_stage2a/sub-10F-1_ses-20240928T165018_ecephys/sample_0171/arrays.npz
sub-10F-1_ses-20240928T165018_ecephys,22,causal,,0.13592232575695704,0.550000011920929,reports/reconstruction_stage2a/sub-10F-1_ses-20240928T165018_ecephys/sample_0172/results.json,reports/reconstruction_stage2a/sub-10F-1_ses-20240928T165018_ecephys/sample_0172/arrays.npz
sub-10F-1_ses-20240928T165018_ecephys,22,noncausal,,0.14788731918716538,0.550000011920929,reports/reconstruction_stage2a/sub-10F-1_ses-20240928T165018_ecephys/sample_0173/results.json,reports/reconstruction_stage2a/sub-10F-1_ses-20240928T165018_ecephys/sample_0173/arrays.npz
sub-10F-1_ses-20240928T165018_ecephys,22,spatial,,0.17808218697973366,0.550000011920929,reports/reconstruction_stage2a/sub-10F-1_ses-20240928T165018_ecephys/sample_0174/results.json,reports/reconstruction_stage2a/sub-10F-1_ses-20240928T165018_ecephys/sample_0174/arrays.npz
sub-10F-1_ses-20240928T165018_ecephys,22,noncausal,,0.13284132369112636,0.550000011920929,reports/reconstruction_stage2a/sub-10F-1_ses-20240928T165018_ecephys/sample_0175/results.json,reports/reconstruction_stage2a/sub-10F-1_ses-20240928T165018_ecephys/sample_0175/arrays.npz
sub-10F-1_ses-20240928T165018_ecephys,22,noncausal,,0.23107569241567608,0.550000011920929,reports/reconstruction_stage2a/sub-10F-1_ses-20240928T165018_ecephys/sample_0176/results.json,reports/reconstruction_stage2a/sub-10F-1_ses-20240928T165018_ecephys/sample_0176/arrays.npz
sub-10F-1_ses-20240928T165018_ecephys,22,noncausal,,0.1847389514188482,0.550000011920929,reports/reconstruction_stage2a/sub-10F-1_ses-20240928T165018_ecephys/sample_0177/results.json,reports/reconstruction_stage2a/sub-10F-1_ses-20240928T165018_ecephys/sample_0177/arrays.npz
sub-10F-1_ses-20240928T165018_ecephys,22,spatial,,0.12030074739329544,0.550000011920929,reports/reconstruction_stage2a/sub-10F-1_ses-20240928T165018_ecephys/sample_0178/results.json,reports/reconstruction_stage2a/sub-10F-1_ses-20240928T165018_ecephys/sample_0178/arrays.npz
sub-10F-1_ses-20240928T165018_ecephys,22,causal,,0.22123893316038856,0.550000011920929,reports/reconstruction_stage2a/sub-10F-1_ses-20240928T165018_ecephys/sample_0179/results.json,reports/reconstruction_stage2a/sub-10F-1_ses-20240928T165018_ecephys/sample_0179/arrays.npz
sub-10F-2_ses-20240928T165008_ecephys,23,causal,,0.17307691830991137,0.550000011920929,reports/reconstruction_stage2a/sub-10F-2_ses-20240928T165008_ecephys/sample_0180/results.json,reports/reconstruction_stage2a/sub-10F-2_ses-20240928T165008_ecephys/sample_0180/arrays.npz
sub-10F-2_ses-20240928T165008_ecephys,23,recon,,0.20799999510784015,0.550000011920929,reports/reconstruction_stage2a/sub-10F-2_ses-20240928T165008_ecephys/sample_0181/results.json,reports/reconstruction_stage2a/sub-10F-2_ses-20240928T165008_ecephys/sample_0181/arrays.npz
sub-10F-2_ses-20240928T165008_ecephys,23,spatial,,0.21666666176944455,0.550000011920929,reports/reconstruction_stage2a/sub-10F-2_ses-20240928T165008_ecephys/sample_0182/results.json,reports/reconstruction_stage2a/sub-10F-2_ses-20240928T165008_ecephys/sample_0182/arrays.npz
sub-10F-2_ses-20240928T165008_ecephys,23,recon,,0.23076922575443795,0.550000011920929,reports/reconstruction_stage2a/sub-10F-2_ses-20240928T165008_ecephys/sample_0183/results.json,reports/reconstruction_stage2a/sub-10F-2_ses-20240928T165008_ecephys/sample_0183/arrays.npz
sub-10F-2_ses-20240928T165008_ecephys,23,recon,,0.20799999510784015,0.550000011920929,reports/reconstruction_stage2a/sub-10F-2_ses-20240928T165008_ecephys/sample_0184/results.json,reports/reconstruction_stage2a/sub-10F-2_ses-20240928T165008_ecephys/sample_0184/arrays.npz
sub-10F-2_ses-20240928T165008_ecephys,23,spatial,,0.21487602817293913,0.550000011920929,reports/reconstruction_stage2a/sub-10F-2_ses-20240928T165008_ecephys/sample_0185/results.json,reports/reconstruction_stage2a/sub-10F-2_ses-20240928T165008_ecephys/sample_0185/arrays.npz
sub-10F-2_ses-20240928T165008_ecephys,23,causal,,0.21052631080794101,0.550000011920929,reports/reconstruction_stage2a/sub-10F-2_ses-20240928T165008_ecephys/sample_0186/results.json,reports/reconstruction_stage2a/sub-10F-2_ses-20240928T165008_ecephys/sample_0186/arrays.npz
sub-10F-2_ses-20240928T165008_ecephys,23,spatial,,0.24999999505739806,0.550000011920929,reports/reconstruction_stage2a/sub-10F-2_ses-20240928T165008_ecephys/sample_0187/results.json,reports/reconstruction_stage2a/sub-10F-2_ses-20240928T165008_ecephys/sample_0187/arrays.npz
sub-10F-2_ses-20240928T165008_ecephys,23,spatial,,0.21666666176944455,0.550000011920929,reports/reconstruction_stage2a/sub-10F-2_ses-20240928T165008_ecephys/sample_0188/results.json,reports/reconstruction_stage2a/sub-10F-2_ses-20240928T165008_ecephys/sample_0188/arrays.npz
sub-10F-3_ses-20240928T165423_ecephys,24,recon,,0.13333332859891375,0.550000011920929,reports/reconstruction_stage2a/sub-10F-3_ses-20240928T165423_ecephys/sample_0189/results.json,reports/reconstruction_stage2a/sub-10F-3_ses-20240928T165423_ecephys/sample_0189/arrays.npz
sub-10F-3_ses-20240928T165423_ecephys,24,noncausal,,0.1659750988033954,0.550000011920929,reports/reconstruction_stage2a/sub-10F-3_ses-20240928T165423_ecephys/sample_0190/results.json,reports/reconstruction_stage2a/sub-10F-3_ses-20240928T165423_ecephys/sample_0190/arrays.npz
sub-10F-3_ses-20240928T165423_ecephys,24,noncausal,,0.16071428110809963,0.550000011920929,reports/reconstruction_stage2a/sub-10F-3_ses-20240928T165423_ecephys/sample_0191/results.json,reports/reconstruction_stage2a/sub-10F-3_ses-20240928T165423_ecephys/sample_0191/arrays.npz
sub-10F-3_ses-20240928T165423_ecephys,24,spatial,,0.13824884325851064,0.550000011920929,reports/reconstruction_stage2a/sub-10F-3_ses-20240928T165423_ecephys/sample_0192/results.json,reports/reconstruction_stage2a/sub-10F-3_ses-20240928T165423_ecephys/sample_0192/arrays.npz
sub-10F-3_ses-20240928T165423_ecephys,24,spatial,,0.15384614906760985,0.550000011920929,reports/reconstruction_stage2a/sub-10F-3_ses-20240928T165423_ecephys/sample_0193/results.json,reports/reconstruction_stage2a/sub-10F-3_ses-20240928T165423_ecephys/sample_0193/arrays.npz
sub-10F-3_ses-20240928T165423_ecephys,24,causal,,0.1693121644466842,0.550000011920929,reports/reconstruction_stage2a/sub-10F-3_ses-20240928T165423_ecephys/sample_0194/results.json,reports/reconstruction_stage2a/sub-10F-3_ses-20240928T165423_ecephys/sample_0194/arrays.npz
sub-10F-3_ses-20240928T165423_ecephys,24,causal,,0.1685393209657873,0.550000011920929,reports/reconstruction_stage2a/sub-10F-3_ses-20240928T165423_ecephys/sample_0195/results.json,reports/reconstruction_stage2a/sub-10F-3_ses-20240928T165423_ecephys/sample_0195/arrays.npz
sub-10F-3_ses-20240928T165423_ecephys,24,spatial,,0.18487394472000576,0.550000011920929,reports/reconstruction_stage2a/sub-10F-3_ses-20240928T165423_ecephys/sample_0196/results.json,reports/reconstruction_stage2a/sub-10F-3_ses-20240928T165423_ecephys/sample_0196/arrays.npz
sub-10F-3_ses-20240928T165423_ecephys,24,noncausal,,0.15936254514436293,0.550000011920929,reports/reconstruction_stage2a/sub-10F-3_ses-20240928T165423_ecephys/sample_0197/results.json,reports/reconstruction_stage2a/sub-10F-3_ses-20240928T165423_ecephys/sample_0197/arrays.npz
sub-10F-4_ses-20240928T165229_ecephys,25,spatial,,0.21862347690144088,0.550000011920929,reports/reconstruction_stage2a/sub-10F-4_ses-20240928T165229_ecephys/sample_0198/results.json,reports/reconstruction_stage2a/sub-10F-4_ses-20240928T165229_ecephys/sample_0198/arrays.npz
sub-10F-4_ses-20240928T165229_ecephys,25,recon,,0.20224718624100504,0.550000011920929,reports/reconstruction_stage2a/sub-10F-4_ses-20240928T165229_ecephys/sample_0199/results.json,reports/reconstruction_stage2a/sub-10F-4_ses-20240928T165229_ecephys/sample_0199/arrays.npz
sub-10F-4_ses-20240928T165229_ecephys,25,noncausal,,0.14999999533852054,0.550000011920929,reports/reconstruction_stage2a/sub-10F-4_ses-20240928T165229_ecephys/sample_0200/results.json,reports/reconstruction_stage2a/sub-10F-4_ses-20240928T165229_ecephys/sample_0200/arrays.npz
sub-10F-4_ses-20240928T165229_ecephys,25,noncausal,,0.12307691899526639,0.550000011920929,reports/reconstruction_stage2a/sub-10F-4_ses-20240928T165229_ecephys/sample_0201/results.json,reports/reconstruction_stage2a/sub-10F-4_ses-20240928T165229_ecephys/sample_0201/arrays.npz
sub-10F-4_ses-20240928T165229_ecephys,25,causal,,0.12295081496439146,0.550000011920929,reports/reconstruction_stage2a/sub-10F-4_ses-20240928T165229_ecephys/sample_0202/results.json,reports/reconstruction_stage2a/sub-10F-4_ses-20240928T165229_ecephys/sample_0202/arrays.npz
sub-10F-4_ses-20240928T165229_ecephys,25,spatial,,0.1155234609881533,0.550000011920929,reports/reconstruction_stage2a/sub-10F-4_ses-20240928T165229_ecephys/sample_0203/results.json,reports/reconstruction_stage2a/sub-10F-4_ses-20240928T165229_ecephys/sample_0203/arrays.npz
sub-10F-4_ses-20240928T165229_ecephys,25,recon,,0.11522633305085625,0.550000011920929,reports/reconstruction_stage2a/sub-10F-4_ses-20240928T165229_ecephys/sample_0204/results.json,reports/reconstruction_stage2a/sub-10F-4_ses-20240928T165229_ecephys/sample_0204/arrays.npz
sub-10F-4_ses-20240928T165229_ecephys,25,noncausal,,0.11363635895948138,0.550000011920929,reports/reconstruction_stage2a/sub-10F-4_ses-20240928T165229_ecephys/sample_0205/results.json,reports/reconstruction_stage2a/sub-10F-4_ses-20240928T165229_ecephys/sample_0205/arrays.npz
sub-10F-4_ses-20240928T165229_ecephys,25,recon,,0.17582417106092943,0.550000011920929,reports/reconstruction_stage2a/sub-10F-4_ses-20240928T165229_ecephys/sample_0206/results.json,reports/reconstruction_stage2a/sub-10F-4_ses-20240928T165229_ecephys/sample_0206/arrays.npz
sub-10F-5_ses-20240928T165424_ecephys,26,noncausal,,0.18181817717434093,0.550000011920929,reports/reconstruction_stage2a/sub-10F-5_ses-20240928T165424_ecephys/sample_0207/results.json,reports/reconstruction_stage2a/sub-10F-5_ses-20240928T165424_ecephys/sample_0207/arrays.npz
sub-10F-5_ses-20240928T165424_ecephys,26,causal,,0.09160304927772293,0.550000011920929,reports/reconstruction_stage2a/sub-10F-5_ses-20240928T165424_ecephys/sample_0208/results.json,reports/reconstruction_stage2a/sub-10F-5_ses-20240928T165424_ecephys/sample_0208/arrays.npz
sub-10F-5_ses-20240928T165424_ecephys,26,recon,,0.16666666188303111,0.550000011920929,reports/reconstruction_stage2a/sub-10F-5_ses-20240928T165424_ecephys/sample_0209/results.json,reports/reconstruction_stage2a/sub-10F-5_ses-20240928T165424_ecephys/sample_0209/arrays.npz
sub-10F-5_ses-20240928T165424_ecephys,26,spatial,,0.1727272678607439,0.550000011920929,reports/reconstruction_stage2a/sub-10F-5_ses-20240928T165424_ecephys/sample_0210/results.json,reports/reconstruction_stage2a/sub-10F-5_ses-20240928T165424_ecephys/sample_0210/arrays.npz
sub-10F-5_ses-20240928T165424_ecephys,26,causal,,0.1254355355859609,0.550000011920929,reports/reconstruction_stage2a/sub-10F-5_ses-20240928T165424_ecephys/sample_0211/results.json,reports/reconstruction_stage2a/sub-10F-5_ses-20240928T165424_ecephys/sample_0211/arrays.npz
sub-10F-5_ses-20240928T165424_ecephys,26,causal,,0.11851851428038424,0.550000011920929,reports/reconstruction_stage2a/sub-10F-5_ses-20240928T165424_ecephys/sample_0212/results.json,reports/reconstruction_stage2a/sub-10F-5_ses-20240928T165424_ecephys/sample_0212/arrays.npz
sub-10F-5_ses-20240928T165424_ecephys,26,recon,,0.16033754799836222,0.550000011920929,reports/reconstruction_stage2a/sub-10F-5_ses-20240928T165424_ecephys/sample_0213/results.json,reports/reconstruction_stage2a/sub-10F-5_ses-20240928T165424_ecephys/sample_0213/arrays.npz
sub-10F-5_ses-20240928T165424_ecephys,26,recon,,0.15151514685519987,0.550000011920929,reports/reconstruction_stage2a/sub-10F-5_ses-20240928T165424_ecephys/sample_0214/results.json,reports/reconstruction_stage2a/sub-10F-5_ses-20240928T165424_ecephys/sample_0214/arrays.npz
sub-10F-5_ses-20240928T165424_ecephys,26,noncausal,,0.11808117620675117,0.550000011920929,reports/reconstruction_stage2a/sub-10F-5_ses-20240928T165424_ecephys/sample_0215/results.json,reports/reconstruction_stage2a/sub-10F-5_ses-20240928T165424_ecephys/sample_0215/arrays.npz
sub-10F-6_ses-20240928T165427_ecephys,27,noncausal,,0.11224489324760537,0.550000011920929,reports/reconstruction_stage2a/sub-10F-6_ses-20240928T165427_ecephys/sample_0216/results.json,reports/reconstruction_stage2a/sub-10F-6_ses-20240928T165427_ecephys/sample_0216/arrays.npz
sub-10F-6_ses-20240928T165427_ecephys,27,spatial,,0.10526315352409991,0.550000011920929,reports/reconstruction_stage2a/sub-10F-6_ses-20240928T165427_ecephys/sample_0217/results.json,reports/reconstruction_stage2a/sub-10F-6_ses-20240928T165427_ecephys/sample_0217/arrays.npz
sub-10F-6_ses-20240928T165427_ecephys,27,recon,,0.09890109420963673,0.550000011920929,reports/reconstruction_stage2a/sub-10F-6_ses-20240928T165427_ecephys/sample_0218/results.json,reports/reconstruction_stage2a/sub-10F-6_ses-20240928T165427_ecephys/sample_0218/arrays.npz
sub-10F-6_ses-20240928T165427_ecephys,27,causal,,0.07346938332294904,0.550000011920929,reports/reconstruction_stage2a/sub-10F-6_ses-20240928T165427_ecephys/sample_0219/results.json,reports/reconstruction_stage2a/sub-10F-6_ses-20240928T165427_ecephys/sample_0219/arrays.npz
sub-10F-6_ses-20240928T165427_ecephys,27,noncausal,,0.27586206396765767,0.550000011920929,reports/reconstruction_stage2a/sub-10F-6_ses-20240928T165427_ecephys/sample_0220/results.json,reports/reconstruction_stage2a/sub-10F-6_ses-20240928T165427_ecephys/sample_0220/arrays.npz
sub-10F-6_ses-20240928T165427_ecephys,27,spatial,,0.1499999952070314,0.550000011920929,reports/reconstruction_stage2a/sub-10F-6_ses-20240928T165427_ecephys/sample_0221/results.json,reports/reconstruction_stage2a/sub-10F-6_ses-20240928T165427_ecephys/sample_0221/arrays.npz
sub-10F-6_ses-20240928T165427_ecephys,27,causal,,0.09574467586860597,0.550000011920929,reports/reconstruction_stage2a/sub-10F-6_ses-20240928T165427_ecephys/sample_0222/results.json,reports/reconstruction_stage2a/sub-10F-6_ses-20240928T165427_ecephys/sample_0222/arrays.npz
sub-10F-6_ses-20240928T165427_ecephys,27,spatial,,0.24999999503722306,0.550000011920929,reports/reconstruction_stage2a/sub-10F-6_ses-20240928T165427_ecephys/sample_0223/results.json,reports/reconstruction_stage2a/sub-10F-6_ses-20240928T165427_ecephys/sample_0223/arrays.npz
sub-10F-6_ses-20240928T165427_ecephys,27,spatial,,0.14772726776278428,0.550000011920929,reports/reconstruction_stage2a/sub-10F-6_ses-20240928T165427_ecephys/sample_0224/results.json,reports/reconstruction_stage2a/sub-10F-6_ses-20240928T165427_ecephys/sample_0224/arrays.npz
sub-10F-7_ses-20240928T165426_ecephys,28,spatial,,0.11650484956546349,0.550000011920929,reports/reconstruction_stage2a/sub-10F-7_ses-20240928T165426_ecephys/sample_0225/results.json,reports/reconstruction_stage2a/sub-10F-7_ses-20240928T165426_ecephys/sample_0225/arrays.npz
sub-10F-7_ses-20240928T165426_ecephys,28,spatial,,0.25333332837155564,0.550000011920929,reports/reconstruction_stage2a/sub-10F-7_ses-20240928T165426_ecephys/sample_0226/results.json,reports/reconstruction_stage2a/sub-10F-7_ses-20240928T165426_ecephys/sample_0226/arrays.npz
sub-10F-7_ses-20240928T165426_ecephys,28,spatial,,0.28571428070312505,0.550000011920929,reports/reconstruction_stage2a/sub-10F-7_ses-20240928T165426_ecephys/sample_0227/results.json,reports/reconstruction_stage2a/sub-10F-7_ses-20240928T165426_ecephys/sample_0227/arrays.npz
sub-10F-7_ses-20240928T165426_ecephys,28,causal,,0.09865470369723928,0.550000011920929,reports/reconstruction_stage2a/sub-10F-7_ses-20240928T165426_ecephys/sample_0228/results.json,reports/reconstruction_stage2a/sub-10F-7_ses-20240928T165426_ecephys/sample_0228/arrays.npz
sub-10F-7_ses-20240928T165426_ecephys,28,recon,,0.1981981931726322,0.550000011920929,reports/reconstruction_stage2a/sub-10F-7_ses-20240928T165426_ecephys/sample_0229/results.json,reports/reconstruction_stage2a/sub-10F-7_ses-20240928T165426_ecephys/sample_0229/arrays.npz
sub-10F-7_ses-20240928T165426_ecephys,28,noncausal,,0.2079207872958535,0.550000011920929,reports/reconstruction_stage2a/sub-10F-7_ses-20240928T165426_ecephys/sample_0230/results.json,reports/reconstruction_stage2a/sub-10F-7_ses-20240928T165426_ecephys/sample_0230/arrays.npz
sub-10F-7_ses-20240928T165426_ecephys,28,recon,,0.15023473699310116,0.550000011920929,reports/reconstruction_stage2a/sub-10F-7_ses-20240928T165426_ecephys/sample_0231/results.json,reports/reconstruction_stage2a/sub-10F-7_ses-20240928T165426_ecephys/sample_0231/arrays.npz
sub-10F-7_ses-20240928T165426_ecephys,28,causal,,0.12844036220309754,0.550000011920929,reports/reconstruction_stage2a/sub-10F-7_ses-20240928T165426_ecephys/sample_0232/results.json,reports/reconstruction_stage2a/sub-10F-7_ses-20240928T165426_ecephys/sample_0232/arrays.npz
sub-10F-7_ses-20240928T165426_ecephys,28,causal,,0.1171171123403135,0.550000011920929,reports/reconstruction_stage2a/sub-10F-7_ses-20240928T165426_ecephys/sample_0233/results.json,reports/reconstruction_stage2a/sub-10F-7_ses-20240928T165426_ecephys/sample_0233/arrays.npz
sub-10F-8_ses-20240928T165425_ecephys,29,recon,,0.3174603123607962,0.550000011920929,reports/reconstruction_stage2a/sub-10F-8_ses-20240928T165425_ecephys/sample_0234/results.json,reports/reconstruction_stage2a/sub-10F-8_ses-20240928T165425_ecephys/sample_0234/arrays.npz
sub-10F-8_ses-20240928T165425_ecephys,29,causal,,0.3272727221553719,0.550000011920929,reports/reconstruction_stage2a/sub-10F-8_ses-20240928T165425_ecephys/sample_0235/results.json,reports/reconstruction_stage2a/sub-10F-8_ses-20240928T165425_ecephys/sample_0235/arrays.npz
sub-10F-8_ses-20240928T165425_ecephys,29,recon,,0.2352941126470589,0.550000011920929,reports/reconstruction_stage2a/sub-10F-8_ses-20240928T165425_ecephys/sample_0236/results.json,reports/reconstruction_stage2a/sub-10F-8_ses-20240928T165425_ecephys/sample_0236/arrays.npz
sub-10F-8_ses-20240928T165425_ecephys,29,noncausal,,0.33898304573398447,0.550000011920929,reports/reconstruction_stage2a/sub-10F-8_ses-20240928T165425_ecephys/sample_0237/results.json,reports/reconstruction_stage2a/sub-10F-8_ses-20240928T165425_ecephys/sample_0237/arrays.npz
sub-10F-8_ses-20240928T165425_ecephys,29,noncausal,,0.322580640062435,0.550000011920929,reports/reconstruction_stage2a/sub-10F-8_ses-20240928T165425_ecephys/sample_0238/results.json,reports/reconstruction_stage2a/sub-10F-8_ses-20240928T165425_ecephys/sample_0238/arrays.npz
sub-10F-8_ses-20240928T165425_ecephys,29,causal,,0.3456790072671849,0.550000011920929,reports/reconstruction_stage2a/sub-10F-8_ses-20240928T165425_ecephys/sample_0239/results.json,reports/reconstruction_stage2a/sub-10F-8_ses-20240928T165425_ecephys/sample_0239/arrays.npz
sub-10F-8_ses-20240928T165425_ecephys,29,spatial,,0.30303029794306713,0.550000011920929,reports/reconstruction_stage2a/sub-10F-8_ses-20240928T165425_ecephys/sample_0240/results.json,reports/reconstruction_stage2a/sub-10F-8_ses-20240928T165425_ecephys/sample_0240/arrays.npz
sub-10F-8_ses-20240928T165425_ecephys,29,causal,,0.37735848542541833,0.550000011920929,reports/reconstruction_stage2a/sub-10F-8_ses-20240928T165425_ecephys/sample_0241/results.json,reports/reconstruction_stage2a/sub-10F-8_ses-20240928T165425_ecephys/sample_0241/arrays.npz
sub-10F-8_ses-20240928T165425_ecephys,29,noncausal,,0.2857142805997502,0.550000011920929,reports/reconstruction_stage2a/sub-10F-8_ses-20240928T165425_ecephys/sample_0242/results.json,reports/reconstruction_stage2a/sub-10F-8_ses-20240928T165425_ecephys/sample_0242/arrays.npz
sub-11G-0_ses-20240928T192015_ecephys,30,spatial,,0.08064515723205015,0.550000011920929,reports/reconstruction_stage2a/sub-11G-0_ses-20240928T192015_ecephys/sample_0243/results.json,reports/reconstruction_stage2a/sub-11G-0_ses-20240928T192015_ecephys/sample_0243/arrays.npz
sub-11G-0_ses-20240928T192015_ecephys,30,recon,,0.1944444397029322,0.550000011920929,reports/reconstruction_stage2a/sub-11G-0_ses-20240928T192015_ecephys/sample_0244/results.json,reports/reconstruction_stage2a/sub-11G-0_ses-20240928T192015_ecephys/sample_0244/arrays.npz
sub-11G-0_ses-20240928T192015_ecephys,30,causal,,0.03686635584786291,0.550000011920929,reports/reconstruction_stage2a/sub-11G-0_ses-20240928T192015_ecephys/sample_0245/results.json,reports/reconstruction_stage2a/sub-11G-0_ses-20240928T192015_ecephys/sample_0245/arrays.npz
sub-11G-0_ses-20240928T192015_ecephys,30,recon,,0.5333333278222222,0.550000011920929,reports/reconstruction_stage2a/sub-11G-0_ses-20240928T192015_ecephys/sample_0246/results.json,reports/reconstruction_stage2a/sub-11G-0_ses-20240928T192015_ecephys/sample_0246/arrays.npz
sub-11G-0_ses-20240928T192015_ecephys,30,causal,,0.076271182261563,0.550000011920929,reports/reconstruction_stage2a/sub-11G-0_ses-20240928T192015_ecephys/sample_0247/results.json,reports/reconstruction_stage2a/sub-11G-0_ses-20240928T192015_ecephys/sample_0247/arrays.npz
sub-11G-0_ses-20240928T192015_ecephys,30,spatial,,0.05454545045330609,0.550000011920929,reports/reconstruction_stage2a/sub-11G-0_ses-20240928T192015_ecephys/sample_0248/results.json,reports/reconstruction_stage2a/sub-11G-0_ses-20240928T192015_ecephys/sample_0248/arrays.npz
sub-11G-0_ses-20240928T192015_ecephys,30,recon,,0.2528735584515789,0.550000011920929,reports/reconstruction_stage2a/sub-11G-0_ses-20240928T192015_ecephys/sample_0249/results.json,reports/reconstruction_stage2a/sub-11G-0_ses-20240928T192015_ecephys/sample_0249/arrays.npz
sub-11G-0_ses-20240928T192015_ecephys,30,spatial,,0.08979591446164116,0.550000011920929,reports/reconstruction_stage2a/sub-11G-0_ses-20240928T192015_ecephys/sample_0250/results.json,reports/reconstruction_stage2a/sub-11G-0_ses-20240928T192015_ecephys/sample_0250/arrays.npz
sub-11G-0_ses-20240928T192015_ecephys,30,causal,,0.4615384563050625,0.550000011920929,reports/reconstruction_stage2a/sub-11G-0_ses-20240928T192015_ecephys/sample_0251/results.json,reports/reconstruction_stage2a/sub-11G-0_ses-20240928T192015_ecephys/sample_0251/arrays.npz
sub-11G-1_ses-20240928T165430_ecephys,31,noncausal,,0.15384614898683746,0.550000011920929,reports/reconstruction_stage2a/sub-11G-1_ses-20240928T165430_ecephys/sample_0252/results.json,reports/reconstruction_stage2a/sub-11G-1_ses-20240928T165430_ecephys/sample_0252/arrays.npz
sub-11G-1_ses-20240928T165430_ecephys,31,noncausal,,0.38095237611489047,0.550000011920929,reports/reconstruction_stage2a/sub-11G-1_ses-20240928T165430_ecephys/sample_0253/results.json,reports/reconstruction_stage2a/sub-11G-1_ses-20240928T165430_ecephys/sample_0253/arrays.npz
sub-11G-1_ses-20240928T165430_ecephys,31,causal,,0.4615384563839579,0.550000011920929,reports/reconstruction_stage2a/sub-11G-1_ses-20240928T165430_ecephys/sample_0254/results.json,reports/reconstruction_stage2a/sub-11G-1_ses-20240928T165430_ecephys/sample_0254/arrays.npz
sub-11G-1_ses-20240928T165430_ecephys,31,spatial,,0.41025640512820516,0.550000011920929,reports/reconstruction_stage2a/sub-11G-1_ses-20240928T165430_ecephys/sample_0255/results.json,reports/reconstruction_stage2a/sub-11G-1_ses-20240928T165430_ecephys/sample_0255/arrays.npz
sub-11G-1_ses-20240928T165430_ecephys,31,recon,,0.2909090864,0.550000011920929,reports/reconstruction_stage2a/sub-11G-1_ses-20240928T165430_ecephys/sample_0256/results.json,reports/reconstruction_stage2a/sub-11G-1_ses-20240928T165430_ecephys/sample_0256/arrays.npz
sub-11G-1_ses-20240928T165430_ecephys,31,causal,,0.4761904709750567,0.550000011920929,reports/reconstruction_stage2a/sub-11G-1_ses-20240928T165430_ecephys/sample_0257/results.json,reports/reconstruction_stage2a/sub-11G-1_ses-20240928T165430_ecephys/sample_0257/arrays.npz
sub-11G-1_ses-20240928T165430_ecephys,31,recon,,0.35555555041975306,0.550000011920929,reports/reconstruction_stage2a/sub-11G-1_ses-20240928T165430_ecephys/sample_0258/results.json,reports/reconstruction_stage2a/sub-11G-1_ses-20240928T165430_ecephys/sample_0258/arrays.npz
sub-11G-1_ses-20240928T165430_ecephys,31,causal,,0.4186046460356949,0.550000011920929,reports/reconstruction_stage2a/sub-11G-1_ses-20240928T165430_ecephys/sample_0259/results.json,reports/reconstruction_stage2a/sub-11G-1_ses-20240928T165430_ecephys/sample_0259/arrays.npz
sub-11G-1_ses-20240928T165430_ecephys,31,causal,,0.3809523758730159,0.550000011920929,reports/reconstruction_stage2a/sub-11G-1_ses-20240928T165430_ecephys/sample_0260/results.json,reports/reconstruction_stage2a/sub-11G-1_ses-20240928T165430_ecephys/sample_0260/arrays.npz
sub-11G-2_ses-20240928T165427_ecephys,32,recon,,0.390243897323022,0.550000011920929,reports/reconstruction_stage2a/sub-11G-2_ses-20240928T165427_ecephys/sample_0261/results.json,reports/reconstruction_stage2a/sub-11G-2_ses-20240928T165427_ecephys/sample_0261/arrays.npz
sub-11G-2_ses-20240928T165427_ecephys,32,spatial,,0.18181817688595053,0.550000011920929,reports/reconstruction_stage2a/sub-11G-2_ses-20240928T165427_ecephys/sample_0262/results.json,reports/reconstruction_stage2a/sub-11G-2_ses-20240928T165427_ecephys/sample_0262/arrays.npz
sub-11G-2_ses-20240928T165427_ecephys,32,noncausal,,0.41666666150173615,0.550000011920929,reports/reconstruction_stage2a/sub-11G-2_ses-20240928T165427_ecephys/sample_0263/results.json,reports/reconstruction_stage2a/sub-11G-2_ses-20240928T165427_ecephys/sample_0263/arrays.npz
sub-11G-2_ses-20240928T165427_ecephys,32,causal,,0.30769230258136093,0.550000011920929,reports/reconstruction_stage2a/sub-11G-2_ses-20240928T165427_ecephys/sample_0264/results.json,reports/reconstruction_stage2a/sub-11G-2_ses-20240928T165427_ecephys/sample_0264/arrays.npz
sub-11G-2_ses-20240928T165427_ecephys,32,noncausal,,0.2666666615506173,0.550000011920929,reports/reconstruction_stage2a/sub-11G-2_ses-20240928T165427_ecephys/sample_0265/results.json,reports/reconstruction_stage2a/sub-11G-2_ses-20240928T165427_ecephys/sample_0265/arrays.npz
sub-11G-2_ses-20240928T165427_ecephys,32,recon,,0.19310344354054707,0.550000011920929,reports/reconstruction_stage2a/sub-11G-2_ses-20240928T165427_ecephys/sample_0266/results.json,reports/reconstruction_stage2a/sub-11G-2_ses-20240928T165427_ecephys/sample_0266/arrays.npz
sub-11G-2_ses-20240928T165427_ecephys,32,causal,,0.1944444396064816,0.550000011920929,reports/reconstruction_stage2a/sub-11G-2_ses-20240928T165427_ecephys/sample_0267/results.json,reports/reconstruction_stage2a/sub-11G-2_ses-20240928T165427_ecephys/sample_0267/arrays.npz
sub-11G-2_ses-20240928T165427_ecephys,32,noncausal,,0.35294117128027686,0.550000011920929,reports/reconstruction_stage2a/sub-11G-2_ses-20240928T165427_ecephys/sample_0268/results.json,reports/reconstruction_stage2a/sub-11G-2_ses-20240928T165427_ecephys/sample_0268/arrays.npz
sub-11G-2_ses-20240928T165427_ecephys,32,causal,,0.47058823003460204,0.550000011920929,reports/reconstruction_stage2a/sub-11G-2_ses-20240928T165427_ecephys/sample_0269/results.json,reports/reconstruction_stage2a/sub-11G-2_ses-20240928T165427_ecephys/sample_0269/arrays.npz
sub-11G-3_ses-20240928T165427_ecephys,33,causal,,0.41176470070934257,0.550000011920929,reports/reconstruction_stage2a/sub-11G-3_ses-20240928T165427_ecephys/sample_0270/results.json,reports/reconstruction_stage2a/sub-11G-3_ses-20240928T165427_ecephys/sample_0270/arrays.npz
sub-11G-3_ses-20240928T165427_ecephys,33,noncausal,,0.3999999947555556,0.550000011920929,reports/reconstruction_stage2a/sub-11G-3_ses-20240928T165427_ecephys/sample_0271/results.json,reports/reconstruction_stage2a/sub-11G-3_ses-20240928T165427_ecephys/sample_0271/arrays.npz
sub-11G-3_ses-20240928T165427_ecephys,33,causal,,0.3999999947555556,0.550000011920929,reports/reconstruction_stage2a/sub-11G-3_ses-20240928T165427_ecephys/sample_0272/results.json,reports/reconstruction_stage2a/sub-11G-3_ses-20240928T165427_ecephys/sample_0272/arrays.npz
sub-11G-3_ses-20240928T165427_ecephys,33,spatial,,0.4583333281423611,0.550000011920929,reports/reconstruction_stage2a/sub-11G-3_ses-20240928T165427_ecephys/sample_0273/results.json,reports/reconstruction_stage2a/sub-11G-3_ses-20240928T165427_ecephys/sample_0273/arrays.npz
sub-11G-3_ses-20240928T165427_ecephys,33,recon,,0.27027026515704905,0.550000011920929,reports/reconstruction_stage2a/sub-11G-3_ses-20240928T165427_ecephys/sample_0274/results.json,reports/reconstruction_stage2a/sub-11G-3_ses-20240928T165427_ecephys/sample_0274/arrays.npz
sub-11G-3_ses-20240928T165427_ecephys,33,causal,,0.606060600734619,0.550000011920929,reports/reconstruction_stage2a/sub-11G-3_ses-20240928T165427_ecephys/sample_0275/results.json,reports/reconstruction_stage2a/sub-11G-3_ses-20240928T165427_ecephys/sample_0275/arrays.npz
sub-11G-3_ses-20240928T165427_ecephys,33,spatial,,0.24999999486328126,0.550000011920929,reports/reconstruction_stage2a/sub-11G-3_ses-20240928T165427_ecephys/sample_0276/results.json,reports/reconstruction_stage2a/sub-11G-3_ses-20240928T165427_ecephys/sample_0276/arrays.npz
sub-11G-3_ses-20240928T165427_ecephys,33,causal,,0.07692307233727837,0.550000011920929,reports/reconstruction_stage2a/sub-11G-3_ses-20240928T165427_ecephys/sample_0277/results.json,reports/reconstruction_stage2a/sub-11G-3_ses-20240928T165427_ecephys/sample_0277/arrays.npz
sub-11G-3_ses-20240928T165427_ecephys,33,spatial,,0.5833333278819445,0.550000011920929,reports/reconstruction_stage2a/sub-11G-3_ses-20240928T165427_ecephys/sample_0278/results.json,reports/reconstruction_stage2a/sub-11G-3_ses-20240928T165427_ecephys/sample_0278/arrays.npz
sub-U_ses-20231119T113000_obj-13gb78s_ecephys,0,spatial,,0.4467640869101861,0.550000011920929,reports/reconstruction_stage2a/sub-U_ses-20231119T113000_obj-13gb78s_ecephys/sample_0000/results.json,reports/reconstruction_stage2a/sub-U_ses-20231119T113000_obj-13gb78s_ecephys/sample_0000/arrays.npz
sub-U_ses-20231119T113000_obj-13gb78s_ecephys,0,spatial,,0.44741873310983477,0.550000011920929,reports/reconstruction_stage2a/sub-U_ses-20231119T113000_obj-13gb78s_ecephys/sample_0001/results.json,reports/reconstruction_stage2a/sub-U_ses-20231119T113000_obj-13gb78s_ecephys/sample_0001/arrays.npz
sub-U_ses-20231119T113000_obj-13gb78s_ecephys,0,spatial,,0.5743072998003922,0.550000011920929,reports/reconstruction_stage2a/sub-U_ses-20231119T113000_obj-13gb78s_ecephys/sample_0002/results.json,reports/reconstruction_stage2a/sub-U_ses-20231119T113000_obj-13gb78s_ecephys/sample_0002/arrays.npz
sub-U_ses-20231119T113000_obj-13gb78s_ecephys,0,noncausal,,0.47482013891497593,0.550000011920929,reports/reconstruction_stage2a/sub-U_ses-20231119T113000_obj-13gb78s_ecephys/sample_0003/results.json,reports/reconstruction_stage2a/sub-U_ses-20231119T113000_obj-13gb78s_ecephys/sample_0003/arrays.npz
sub-U_ses-20231119T113000_obj-13gb78s_ecephys,0,spatial,,0.5341614857057985,0.550000011920929,reports/reconstruction_stage2a/sub-U_ses-20231119T113000_obj-13gb78s_ecephys/sample_0004/results.json,reports/reconstruction_stage2a/sub-U_ses-20231119T113000_obj-13gb78s_ecephys/sample_0004/arrays.npz
sub-U_ses-20231119T113000_obj-13gb78s_ecephys,0,spatial,,0.37078651199469764,0.550000011920929,reports/reconstruction_stage2a/sub-U_ses-20231119T113000_obj-13gb78s_ecephys/sample_0005/results.json,reports/reconstruction_stage2a/sub-U_ses-20231119T113000_obj-13gb78s_ecephys/sample_0005/arrays.npz
sub-U_ses-20231119T113000_obj-13gb78s_ecephys,0,recon,,0.43534482266256685,0.550000011920929,reports/reconstruction_stage2a/sub-U_ses-20231119T113000_obj-13gb78s_ecephys/sample_0006/results.json,reports/reconstruction_stage2a/sub-U_ses-20231119T113000_obj-13gb78s_ecephys/sample_0006/arrays.npz
sub-U_ses-20231119T113000_obj-13gb78s_ecephys,0,causal,,0.4106463829700444,0.550000011920929,reports/reconstruction_stage2a/sub-U_ses-20231119T113000_obj-13gb78s_ecephys/sample_0007/results.json,reports/reconstruction_stage2a/sub-U_ses-20231119T113000_obj-13gb78s_ecephys/sample_0007/arrays.npz
sub-U_ses-20231119T113000_obj-13gb78s_ecephys,0,causal,,0.5954198423634987,0.550000011920929,reports/reconstruction_stage2a/sub-U_ses-20231119T113000_obj-13gb78s_ecephys/sample_0008/results.json,reports/reconstruction_stage2a/sub-U_ses-20231119T113000_obj-13gb78s_ecephys/sample_0008/arrays.npz
sub-U_ses-20231119T113000_obj-15bpqpa_ecephys,1,spatial,,0.3486238481676627,0.550000011920929,reports/reconstruction_stage2a/sub-U_ses-20231119T113000_obj-15bpqpa_ecephys/sample_0009/results.json,reports/reconstruction_stage2a/sub-U_ses-20231119T113000_obj-15bpqpa_ecephys/sample_0009/arrays.npz
sub-U_ses-20231119T113000_obj-15bpqpa_ecephys,1,causal,,0.24210525818781176,0.550000011920929,reports/reconstruction_stage2a/sub-U_ses-20231119T113000_obj-15bpqpa_ecephys/sample_0010/results.json,reports/reconstruction_stage2a/sub-U_ses-20231119T113000_obj-15bpqpa_ecephys/sample_0010/arrays.npz
sub-U_ses-20231119T113000_obj-15bpqpa_ecephys,1,spatial,,0.3010752637669095,0.550000011920929,reports/reconstruction_stage2a/sub-U_ses-20231119T113000_obj-15bpqpa_ecephys/sample_0011/results.json,reports/reconstruction_stage2a/sub-U_ses-20231119T113000_obj-15bpqpa_ecephys/sample_0011/arrays.npz
sub-U_ses-20231119T113000_obj-15bpqpa_ecephys,1,noncausal,,0.35483870481789803,0.550000011920929,reports/reconstruction_stage2a/sub-U_ses-20231119T113000_obj-15bpqpa_ecephys/sample_0012/results.json,reports/reconstruction_stage2a/sub-U_ses-20231119T113000_obj-15bpqpa_ecephys/sample_0012/arrays.npz
sub-U_ses-20231119T113000_obj-15bpqpa_ecephys,1,spatial,,0.20618556218089076,0.550000011920929,reports/reconstruction_stage2a/sub-U_ses-20231119T113000_obj-15bpqpa_ecephys/sample_0013/results.json,reports/reconstruction_stage2a/sub-U_ses-20231119T113000_obj-15bpqpa_ecephys/sample_0013/arrays.npz
sub-U_ses-20231119T113000_obj-15bpqpa_ecephys,1,causal,,0.28571428073469396,0.550000011920929,reports/reconstruction_stage2a/sub-U_ses-20231119T113000_obj-15bpqpa_ecephys/sample_0014/results.json,reports/reconstruction_stage2a/sub-U_ses-20231119T113000_obj-15bpqpa_ecephys/sample_0014/arrays.npz
sub-U_ses-20231119T113000_obj-15bpqpa_ecephys,1,spatial,,0.08810572243979142,0.550000011920929,reports/reconstruction_stage2a/sub-U_ses-20231119T113000_obj-15bpqpa_ecephys/sample_0015/results.json,reports/reconstruction_stage2a/sub-U_ses-20231119T113000_obj-15bpqpa_ecephys/sample_0015/arrays.npz
sub-U_ses-20231119T113000_obj-15bpqpa_ecephys,1,noncausal,,0.1049180279425963,0.550000011920929,reports/reconstruction_stage2a/sub-U_ses-20231119T113000_obj-15bpqpa_ecephys/sample_0016/results.json,reports/reconstruction_stage2a/sub-U_ses-20231119T113000_obj-15bpqpa_ecephys/sample_0016/arrays.npz
sub-U_ses-20231119T113000_obj-15bpqpa_ecephys,1,recon,,0.15053762942941398,0.550000011920929,reports/reconstruction_stage2a/sub-U_ses-20231119T113000_obj-15bpqpa_ecephys/sample_0017/results.json,reports/reconstruction_stage2a/sub-U_ses-20231119T113000_obj-15bpqpa_ecephys/sample_0017/arrays.npz
sub-U_ses-20231119T113000_obj-195c1dk_ecephys,2,causal,,0.21305841434890951,0.550000011920929,reports/reconstruction_stage2a/sub-U_ses-20231119T113000_obj-195c1dk_ecephys/sample_0018/results.json,reports/reconstruction_stage2a/sub-U_ses-20231119T113000_obj-195c1dk_ecephys/sample_0018/arrays.npz
sub-U_ses-20231119T113000_obj-195c1dk_ecephys,2,spatial,,0.16499999500425017,0.550000011920929,reports/reconstruction_stage2a/sub-U_ses-20231119T113000_obj-195c1dk_ecephys/sample_0019/results.json,reports/reconstruction_stage2a/sub-U_ses-20231119T113000_obj-195c1dk_ecephys/sample_0019/arrays.npz
sub-U_ses-20231119T113000_obj-195c1dk_ecephys,2,spatial,,0.16499999500425017,0.550000011920929,reports/reconstruction_stage2a/sub-U_ses-20231119T113000_obj-195c1dk_ecephys/sample_0020/results.json,reports/reconstruction_stage2a/sub-U_ses-20231119T113000_obj-195c1dk_ecephys/sample_0020/arrays.npz
sub-U_ses-20231119T113000_obj-195c1dk_ecephys,2,spatial,,0.12190475705701607,0.550000011920929,reports/reconstruction_stage2a/sub-U_ses-20231119T113000_obj-195c1dk_ecephys/sample_0021/results.json,reports/reconstruction_stage2a/sub-U_ses-20231119T113000_obj-195c1dk_ecephys/sample_0021/arrays.npz
sub-U_ses-20231119T113000_obj-195c1dk_ecephys,2,noncausal,,0.07482992730436422,0.550000011920929,reports/reconstruction_stage2a/sub-U_ses-20231119T113000_obj-195c1dk_ecephys/sample_0022/results.json,reports/reconstruction_stage2a/sub-U_ses-20231119T113000_obj-195c1dk_ecephys/sample_0022/arrays.npz
sub-U_ses-20231119T113000_obj-195c1dk_ecephys,2,recon,,0.24666666165577789,0.550000011920929,reports/reconstruction_stage2a/sub-U_ses-20231119T113000_obj-195c1dk_ecephys/sample_0023/results.json,reports/reconstruction_stage2a/sub-U_ses-20231119T113000_obj-195c1dk_ecephys/sample_0023/arrays.npz
sub-U_ses-20231119T113000_obj-195c1dk_ecephys,2,recon,,0.10799999511736022,0.550000011920929,reports/reconstruction_stage2a/sub-U_ses-20231119T113000_obj-195c1dk_ecephys/sample_0024/results.json,reports/reconstruction_stage2a/sub-U_ses-20231119T113000_obj-195c1dk_ecephys/sample_0024/arrays.npz
sub-U_ses-20231119T113000_obj-195c1dk_ecephys,2,spatial,,0.11184210067845414,0.550000011920929,reports/reconstruction_stage2a/sub-U_ses-20231119T113000_obj-195c1dk_ecephys/sample_0025/results.json,reports/reconstruction_stage2a/sub-U_ses-20231119T113000_obj-195c1dk_ecephys/sample_0025/arrays.npz
sub-U_ses-20231119T113000_obj-195c1dk_ecephys,2,noncausal,,0.10622154308754031,0.550000011920929,reports/reconstruction_stage2a/sub-U_ses-20231119T113000_obj-195c1dk_ecephys/sample_0026/results.json,reports/reconstruction_stage2a/sub-U_ses-20231119T113000_obj-195c1dk_ecephys/sample_0026/arrays.npz
sub-U_ses-20231119T113000_obj-1cs0t8m_ecephys,3,causal,,0.538461533432415,0.550000011920929,reports/reconstruction_stage2a/sub-U_ses-20231119T113000_obj-1cs0t8m_ecephys/sample_0027/results.json,reports/reconstruction_stage2a/sub-U_ses-20231119T113000_obj-1cs0t8m_ecephys/sample_0027/arrays.npz
sub-U_ses-20231119T113000_obj-1cs0t8m_ecephys,3,noncausal,,0.34985422265008626,0.550000011920929,reports/reconstruction_stage2a/sub-U_ses-20231119T113000_obj-1cs0t8m_ecephys/sample_0028/results.json,reports/reconstruction_stage2a/sub-U_ses-20231119T113000_obj-1cs0t8m_ecephys/sample_0028/arrays.npz
sub-U_ses-20231119T113000_obj-1cs0t8m_ecephys,3,noncausal,,0.5806451562206038,0.550000011920929,reports/reconstruction_stage2a/sub-U_ses-20231119T113000_obj-1cs0t8m_ecephys/sample_0029/results.json,reports/reconstruction_stage2a/sub-U_ses-20231119T113000_obj-1cs0t8m_ecephys/sample_0029/arrays.npz
sub-U_ses-20231119T113000_obj-1cs0t8m_ecephys,3,causal,,0.5326633115749604,0.550000011920929,reports/reconstruction_stage2a/sub-U_ses-20231119T113000_obj-1cs0t8m_ecephys/sample_0030/results.json,reports/reconstruction_stage2a/sub-U_ses-20231119T113000_obj-1cs0t8m_ecephys/sample_0030/arrays.npz
sub-U_ses-20231119T113000_obj-1cs0t8m_ecephys,3,spatial,,0.4169184240275281,0.550000011920929,reports/reconstruction_stage2a/sub-U_ses-20231119T113000_obj-1cs0t8m_ecephys/sample_0031/results.json,reports/reconstruction_stage2a/sub-U_ses-20231119T113000_obj-1cs0t8m_ecephys/sample_0031/arrays.npz
sub-U_ses-20231119T113000_obj-1cs0t8m_ecephys,3,noncausal,,0.5586592128273152,0.550000011920929,reports/reconstruction_stage2a/sub-U_ses-20231119T113000_obj-1cs0t8m_ecephys/sample_0032/results.json,reports/reconstruction_stage2a/sub-U_ses-20231119T113000_obj-1cs0t8m_ecephys/sample_0032/arrays.npz
sub-U_ses-20231119T113000_obj-1cs0t8m_ecephys,3,spatial,,0.49785407221499756,0.550000011920929,reports/reconstruction_stage2a/sub-U_ses-20231119T113000_obj-1cs0t8m_ecephys/sample_0033/results.json,reports/reconstruction_stage2a/sub-U_ses-20231119T113000_obj-1cs0t8m_ecephys/sample_0033/arrays.npz
sub-U_ses-20231119T113000_obj-1cs0t8m_ecephys,3,causal,,0.3999999950940687,0.550000011920929,reports/reconstruction_stage2a/sub-U_ses-20231119T113000_obj-1cs0t8m_ecephys/sample_0034/results.json,reports/reconstruction_stage2a/sub-U_ses-20231119T113000_obj-1cs0t8m_ecephys/sample_0034/arrays.npz
sub-U_ses-20231119T113000_obj-1cs0t8m_ecephys,3,spatial,,0.4264264214246679,0.550000011920929,reports/reconstruction_stage2a/sub-U_ses-20231119T113000_obj-1cs0t8m_ecephys/sample_0035/results.json,reports/reconstruction_stage2a/sub-U_ses-20231119T113000_obj-1cs0t8m_ecephys/sample_0035/arrays.npz
sub-U_ses-20231119T113000_obj-1e5gdym_ecephys,4,recon,,0.35199999515050673,0.550000011920929,reports/reconstruction_stage2a/sub-U_ses-20231119T113000_obj-1e5gdym_ecephys/sample_0036/results.json,reports/reconstruction_stage2a/sub-U_ses-20231119T113000_obj-1e5gdym_ecephys/sample_0036/arrays.npz
sub-U_ses-20231119T113000_obj-1e5gdym_ecephys,4,spatial,,0.3827160445599471,0.550000011920929,reports/reconstruction_stage2a/sub-U_ses-20231119T113000_obj-1e5gdym_ecephys/sample_0037/results.json,reports/reconstruction_stage2a/sub-U_ses-20231119T113000_obj-1e5gdym_ecephys/sample_0037/arrays.npz
sub-U_ses-20231119T113000_obj-1e5gdym_ecephys,4,noncausal,,0.4214285666207271,0.550000011920929,reports/reconstruction_stage2a/sub-U_ses-20231119T113000_obj-1e5gdym_ecephys/sample_0038/results.json,reports/reconstruction_stage2a/sub-U_ses-20231119T113000_obj-1e5gdym_ecephys/sample_0038/arrays.npz
sub-U_ses-20231119T113000_obj-1e5gdym_ecephys,4,recon,,0.42744062832060487,0.550000011920929,reports/reconstruction_stage2a/sub-U_ses-20231119T113000_obj-1e5gdym_ecephys/sample_0039/results.json,reports/reconstruction_stage2a/sub-U_ses-20231119T113000_obj-1e5gdym_ecephys/sample_0039/arrays.npz
sub-U_ses-20231119T113000_obj-1e5gdym_ecephys,4,causal,,0.38696537191616104,0.550000011920929,reports/reconstruction_stage2a/sub-U_ses-20231119T113000_obj-1e5gdym_ecephys/sample_0040/results.json,reports/reconstruction_stage2a/sub-U_ses-20231119T113000_obj-1e5gdym_ecephys/sample_0040/arrays.npz
sub-U_ses-20231119T113000_obj-1e5gdym_ecephys,4,causal,,0.5324675275127904,0.550000011920929,reports/reconstruction_stage2a/sub-U_ses-20231119T113000_obj-1e5gdym_ecephys/sample_0041/results.json,reports/reconstruction_stage2a/sub-U_ses-20231119T113000_obj-1e5gdym_ecephys/sample_0041/arrays.npz
sub-U_ses-20231119T113000_obj-1e5gdym_ecephys,4,noncausal,,0.3733333283854222,0.550000011920929,reports/reconstruction_stage2a/sub-U_ses-20231119T113000_obj-1e5gdym_ecephys/sample_0042/results.json,reports/reconstruction_stage2a/sub-U_ses-20231119T113000_obj-1e5gdym_ecephys/sample_0042/arrays.npz
sub-U_ses-20231119T113000_obj-1e5gdym_ecephys,4,causal,,0.5482456091095337,0.550000011920929,reports/reconstruction_stage2a/sub-U_ses-20231119T113000_obj-1e5gdym_ecephys/sample_0043/results.json,reports/reconstruction_stage2a/sub-U_ses-20231119T113000_obj-1e5gdym_ecephys/sample_0043/arrays.npz
sub-U_ses-20231119T113000_obj-1e5gdym_ecephys,4,causal,,0.39597314953853435,0.550000011920929,reports/reconstruction_stage2a/sub-U_ses-20231119T113000_obj-1e5gdym_ecephys/sample_0044/results.json,reports/reconstruction_stage2a/sub-U_ses-20231119T113000_obj-1e5gdym_ecephys/sample_0044/arrays.npz
sub-U_ses-20231119T113000_obj-1kcinv8_ecephys,5,causal,,0.216216211102995,0.550000011920929,reports/reconstruction_stage2a/sub-U_ses-20231119T113000_obj-1kcinv8_ecephys/sample_0045/results.json,reports/reconstruction_stage2a/sub-U_ses-20231119T113000_obj-1kcinv8_ecephys/sample_0045/arrays.npz
sub-U_ses-20231119T113000_obj-1kcinv8_ecephys,5,recon,,0.09090908586776886,0.550000011920929,reports/reconstruction_stage2a/sub-U_ses-20231119T113000_obj-1kcinv8_ecephys/sample_0046/results.json,reports/reconstruction_stage2a/sub-U_ses-20231119T113000_obj-1kcinv8_ecephys/sample_0046/arrays.npz
sub-U_ses-20231119T113000_obj-1kcinv8_ecephys,5,causal,,0.1282051235700199,0.550000011920929,reports/reconstruction_stage2a/sub-U_ses-20231119T113000_obj-1kcinv8_ecephys/sample_0047/results.json,reports/reconstruction_stage2a/sub-U_ses-20231119T113000_obj-1kcinv8_ecephys/sample_0047/arrays.npz
sub-U_ses-20231119T113000_obj-1kcinv8_ecephys,5,recon,,0.11538461117788477,0.550000011920929,reports/reconstruction_stage2a/sub-U_ses-20231119T113000_obj-1kcinv8_ecephys/sample_0048/results.json,reports/reconstruction_stage2a/sub-U_ses-20231119T113000_obj-1kcinv8_ecephys/sample_0048/arrays.npz
sub-U_ses-20231119T113000_obj-1kcinv8_ecephys,5,recon,,0.05442176525961427,0.550000011920929,reports/reconstruction_stage2a/sub-U_ses-20231119T113000_obj-1kcinv8_ecephys/sample_0049/results.json,reports/reconstruction_stage2a/sub-U_ses-20231119T113000_obj-1kcinv8_ecephys/sample_0049/arrays.npz
sub-U_ses-20231119T113000_obj-1kcinv8_ecephys,5,spatial,,0.059259255141838434,0.550000011920929,reports/reconstruction_stage2a/sub-U_ses-20231119T113000_obj-1kcinv8_ecephys/sample_0050/results.json,reports/reconstruction_stage2a/sub-U_ses-20231119T113000_obj-1kcinv8_ecephys/sample_0050/arrays.npz
sub-U_ses-20231119T113000_obj-1kcinv8_ecephys,5,noncausal,,0.28571428045351477,0.550000011920929,reports/reconstruction_stage2a/sub-U_ses-20231119T113000_obj-1kcinv8_ecephys/sample_0051/results.json,reports/reconstruction_stage2a/sub-U_ses-20231119T113000_obj-1kcinv8_ecephys/sample_0051/arrays.npz
sub-U_ses-20231119T113000_obj-1kcinv8_ecephys,5,recon,,0.08247422236582021,0.550000011920929,reports/reconstruction_stage2a/sub-U_ses-20231119T113000_obj-1kcinv8_ecephys/sample_0052/results.json,reports/reconstruction_stage2a/sub-U_ses-20231119T113000_obj-1kcinv8_ecephys/sample_0052/arrays.npz
sub-U_ses-20231119T113000_obj-1kcinv8_ecephys,5,noncausal,,0.058823525446583314,0.550000011920929,reports/reconstruction_stage2a/sub-U_ses-20231119T113000_obj-1kcinv8_ecephys/sample_0053/results.json,reports/reconstruction_stage2a/sub-U_ses-20231119T113000_obj-1kcinv8_ecephys/sample_0053/arrays.npz
sub-U_ses-20231119T113000_obj-1yigkds_ecephys,8,causal,,0.2218542999450683,0.550000011920929,reports/reconstruction_stage2a/sub-U_ses-20231119T113000_obj-1yigkds_ecephys/sample_0063/results.json,reports/reconstruction_stage2a/sub-U_ses-20231119T113000_obj-1yigkds_ecephys/sample_0063/arrays.npz
sub-U_ses-20231119T113000_obj-1yigkds_ecephys,8,recon,,0.31153845664482255,0.550000011920929,reports/reconstruction_stage2a/sub-U_ses-20231119T113000_obj-1yigkds_ecephys/sample_0064/results.json,reports/reconstruction_stage2a/sub-U_ses-20231119T113000_obj-1yigkds_ecephys/sample_0064/arrays.npz
sub-U_ses-20231119T113000_obj-1yigkds_ecephys,8,noncausal,,0.19702601751419976,0.550000011920929,reports/reconstruction_stage2a/sub-U_ses-20231119T113000_obj-1yigkds_ecephys/sample_0065/results.json,reports/reconstruction_stage2a/sub-U_ses-20231119T113000_obj-1yigkds_ecephys/sample_0065/arrays.npz
sub-U_ses-20231119T113000_obj-1yigkds_ecephys,8,recon,,0.23393739216532014,0.550000011920929,reports/reconstruction_stage2a/sub-U_ses-20231119T113000_obj-1yigkds_ecephys/sample_0066/results.json,reports/reconstruction_stage2a/sub-U_ses-20231119T113000_obj-1yigkds_ecephys/sample_0066/arrays.npz
sub-U_ses-20231119T113000_obj-1yigkds_ecephys,8,noncausal,,0.2047618999617915,0.550000011920929,reports/reconstruction_stage2a/sub-U_ses-20231119T113000_obj-1yigkds_ecephys/sample_0067/results.json,reports/reconstruction_stage2a/sub-U_ses-20231119T113000_obj-1yigkds_ecephys/sample_0067/arrays.npz
sub-U_ses-20231119T113000_obj-1yigkds_ecephys,8,causal,,0.26115701994705287,0.550000011920929,reports/reconstruction_stage2a/sub-U_ses-20231119T113000_obj-1yigkds_ecephys/sample_0068/results.json,reports/reconstruction_stage2a/sub-U_ses-20231119T113000_obj-1yigkds_ecephys/sample_0068/arrays.npz
sub-U_ses-20231119T113000_obj-1yigkds_ecephys,8,noncausal,,0.18217053793627197,0.550000011920929,reports/reconstruction_stage2a/sub-U_ses-20231119T113000_obj-1yigkds_ecephys/sample_0069/results.json,reports/reconstruction_stage2a/sub-U_ses-20231119T113000_obj-1yigkds_ecephys/sample_0069/arrays.npz
sub-U_ses-20231119T113000_obj-1yigkds_ecephys,8,noncausal,,0.2737520080391868,0.550000011920929,reports/reconstruction_stage2a/sub-U_ses-20231119T113000_obj-1yigkds_ecephys/sample_0070/results.json,reports/reconstruction_stage2a/sub-U_ses-20231119T113000_obj-1yigkds_ecephys/sample_0070/arrays.npz
sub-U_ses-20231119T113000_obj-1yigkds_ecephys,8,causal,,0.27044024676634637,0.550000011920929,reports/reconstruction_stage2a/sub-U_ses-20231119T113000_obj-1yigkds_ecephys/sample_0071/results.json,reports/reconstruction_stage2a/sub-U_ses-20231119T113000_obj-1yigkds_ecephys/sample_0071/arrays.npz
sub-U_ses-20231119T113000_obj-1ywxnj8_ecephys,9,recon,,0.19753085942386842,0.550000011920929,reports/reconstruction_stage2a/sub-U_ses-20231119T113000_obj-1ywxnj8_ecephys/sample_0072/results.json,reports/reconstruction_stage2a/sub-U_ses-20231119T113000_obj-1ywxnj8_ecephys/sample_0072/arrays.npz
sub-U_ses-20231119T113000_obj-1ywxnj8_ecephys,9,spatial,,0.3076923025641026,0.550000011920929,reports/reconstruction_stage2a/sub-U_ses-20231119T113000_obj-1ywxnj8_ecephys/sample_0073/results.json,reports/reconstruction_stage2a/sub-U_ses-20231119T113000_obj-1ywxnj8_ecephys/sample_0073/arrays.npz
sub-U_ses-20231119T113000_obj-1ywxnj8_ecephys,9,spatial,,0.1869158830443708,0.550000011920929,reports/reconstruction_stage2a/sub-U_ses-20231119T113000_obj-1ywxnj8_ecephys/sample_0074/results.json,reports/reconstruction_stage2a/sub-U_ses-20231119T113000_obj-1ywxnj8_ecephys/sample_0074/arrays.npz
sub-U_ses-20231119T113000_obj-1ywxnj8_ecephys,9,causal,,0.26086956017013235,0.550000011920929,reports/reconstruction_stage2a/sub-U_ses-20231119T113000_obj-1ywxnj8_ecephys/sample_0075/results.json,reports/reconstruction_stage2a/sub-U_ses-20231119T113000_obj-1ywxnj8_ecephys/sample_0075/arrays.npz
sub-U_ses-20231119T113000_obj-1ywxnj8_ecephys,9,recon,,0.16931216439629365,0.550000011920929,reports/reconstruction_stage2a/sub-U_ses-20231119T113000_obj-1ywxnj8_ecephys/sample_0076/results.json,reports/reconstruction_stage2a/sub-U_ses-20231119T113000_obj-1ywxnj8_ecephys/sample_0076/arrays.npz
sub-U_ses-20231119T113000_obj-1ywxnj8_ecephys,9,spatial,,0.18681318196715385,0.550000011920929,reports/reconstruction_stage2a/sub-U_ses-20231119T113000_obj-1ywxnj8_ecephys/sample_0077/results.json,reports/reconstruction_stage2a/sub-U_ses-20231119T113000_obj-1ywxnj8_ecephys/sample_0077/arrays.npz
sub-U_ses-20231119T113000_obj-1ywxnj8_ecephys,9,causal,,0.3076923026405326,0.550000011920929,reports/reconstruction_stage2a/sub-U_ses-20231119T113000_obj-1ywxnj8_ecephys/sample_0078/results.json,reports/reconstruction_stage2a/sub-U_ses-20231119T113000_obj-1ywxnj8_ecephys/sample_0078/arrays.npz
sub-U_ses-20231119T113000_obj-1ywxnj8_ecephys,9,causal,,0.28735631680671164,0.550000011920929,reports/reconstruction_stage2a/sub-U_ses-20231119T113000_obj-1ywxnj8_ecephys/sample_0079/results.json,reports/reconstruction_stage2a/sub-U_ses-20231119T113000_obj-1ywxnj8_ecephys/sample_0079/arrays.npz
sub-U_ses-20231119T113000_obj-1ywxnj8_ecephys,9,noncausal,,0.1730769182271636,0.550000011920929,reports/reconstruction_stage2a/sub-U_ses-20231119T113000_obj-1ywxnj8_ecephys/sample_0080/results.json,reports/reconstruction_stage2a/sub-U_ses-20231119T113000_obj-1ywxnj8_ecephys/sample_0080/arrays.npz
sub-U_ses-20231119T113000_obj-7c50zw_ecephys,10,causal,,0.5654450212209096,0.550000011920929,reports/reconstruction_stage2a/sub-U_ses-20231119T113000_obj-7c50zw_ecephys/sample_0081/results.json,reports/reconstruction_stage2a/sub-U_ses-20231119T113000_obj-7c50zw_ecephys/sample_0081/arrays.npz
sub-U_ses-20231119T113000_obj-7c50zw_ecephys,10,causal,,0.6666666616397923,0.550000011920929,reports/reconstruction_stage2a/sub-U_ses-20231119T113000_obj-7c50zw_ecephys/sample_0082/results.json,reports/reconstruction_stage2a/sub-U_ses-20231119T113000_obj-7c50zw_ecephys/sample_0082/arrays.npz
sub-U_ses-20231119T113000_obj-7c50zw_ecephys,10,noncausal,,0.48578810875681877,0.550000011920929,reports/reconstruction_stage2a/sub-U_ses-20231119T113000_obj-7c50zw_ecephys/sample_0083/results.json,reports/reconstruction_stage2a/sub-U_ses-20231119T113000_obj-7c50zw_ecephys/sample_0083/arrays.npz
sub-U_ses-20231119T113000_obj-7c50zw_ecephys,10,causal,,0.5893719756993162,0.550000011920929,reports/reconstruction_stage2a/sub-U_ses-20231119T113000_obj-7c50zw_ecephys/sample_0084/results.json,reports/reconstruction_stage2a/sub-U_ses-20231119T113000_obj-7c50zw_ecephys/sample_0084/arrays.npz
sub-U_ses-20231119T113000_obj-7c50zw_ecephys,10,causal,,0.5770308073303048,0.550000011920929,reports/reconstruction_stage2a/sub-U_ses-20231119T113000_obj-7c50zw_ecephys/sample_0085/results.json,reports/reconstruction_stage2a/sub-U_ses-20231119T113000_obj-7c50zw_ecephys/sample_0085/arrays.npz
sub-U_ses-20231119T113000_obj-7c50zw_ecephys,10,noncausal,,0.40540540051142365,0.550000011920929,reports/reconstruction_stage2a/sub-U_ses-20231119T113000_obj-7c50zw_ecephys/sample_0086/results.json,reports/reconstruction_stage2a/sub-U_ses-20231119T113000_obj-7c50zw_ecephys/sample_0086/arrays.npz
sub-U_ses-20231119T113000_obj-7c50zw_ecephys,10,causal,,0.4804928082003972,0.550000011920929,reports/reconstruction_stage2a/sub-U_ses-20231119T113000_obj-7c50zw_ecephys/sample_0087/results.json,reports/reconstruction_stage2a/sub-U_ses-20231119T113000_obj-7c50zw_ecephys/sample_0087/arrays.npz
sub-U_ses-20231119T113000_obj-7c50zw_ecephys,10,spatial,,0.642487041629037,0.550000011920929,reports/reconstruction_stage2a/sub-U_ses-20231119T113000_obj-7c50zw_ecephys/sample_0088/results.json,reports/reconstruction_stage2a/sub-U_ses-20231119T113000_obj-7c50zw_ecephys/sample_0088/arrays.npz
sub-U_ses-20231119T113000_obj-7c50zw_ecephys,10,recon,,0.37617554363302247,0.550000011920929,reports/reconstruction_stage2a/sub-U_ses-20231119T113000_obj-7c50zw_ecephys/sample_0089/results.json,reports/reconstruction_stage2a/sub-U_ses-20231119T113000_obj-7c50zw_ecephys/sample_0089/arrays.npz
sub-U_ses-20231119T113000_obj-at6hmv_ecephys,11,causal,,0.5148514801215568,0.550000011920929,reports/reconstruction_stage2a/sub-U_ses-20231119T113000_obj-at6hmv_ecephys/sample_0090/results.json,reports/reconstruction_stage2a/sub-U_ses-20231119T113000_obj-at6hmv_ecephys/sample_0090/arrays.npz
sub-U_ses-20231119T113000_obj-at6hmv_ecephys,11,recon,,0.3873015824294281,0.550000011920929,reports/reconstruction_stage2a/sub-U_ses-20231119T113000_obj-at6hmv_ecephys/sample_0091/results.json,reports/reconstruction_stage2a/sub-U_ses-20231119T113000_obj-at6hmv_ecephys/sample_0091/arrays.npz
sub-U_ses-20231119T113000_obj-at6hmv_ecephys,11,spatial,,0.45312499505279547,0.550000011920929,reports/reconstruction_stage2a/sub-U_ses-20231119T113000_obj-at6hmv_ecephys/sample_0092/results.json,reports/reconstruction_stage2a/sub-U_ses-20231119T113000_obj-at6hmv_ecephys/sample_0092/arrays.npz
sub-U_ses-20231119T113000_obj-at6hmv_ecephys,11,recon,,0.40318301891042646,0.550000011920929,reports/reconstruction_stage2a/sub-U_ses-20231119T113000_obj-at6hmv_ecephys/sample_0093/results.json,reports/reconstruction_stage2a/sub-U_ses-20231119T113000_obj-at6hmv_ecephys/sample_0093/arrays.npz
sub-U_ses-20231119T113000_obj-at6hmv_ecephys,11,noncausal,,0.4357142807658163,0.550000011920929,reports/reconstruction_stage2a/sub-U_ses-20231119T113000_obj-at6hmv_ecephys/sample_0094/results.json,reports/reconstruction_stage2a/sub-U_ses-20231119T113000_obj-at6hmv_ecephys/sample_0094/arrays.npz
sub-U_ses-20231119T113000_obj-at6hmv_ecephys,11,spatial,,0.48514850984315266,0.550000011920929,reports/reconstruction_stage2a/sub-U_ses-20231119T113000_obj-at6hmv_ecephys/sample_0095/results.json,reports/reconstruction_stage2a/sub-U_ses-20231119T113000_obj-at6hmv_ecephys/sample_0095/arrays.npz
sub-U_ses-20231119T113000_obj-at6hmv_ecephys,11,recon,,0.32894736359418286,0.550000011920929,reports/reconstruction_stage2a/sub-U_ses-20231119T113000_obj-at6hmv_ecephys/sample_0096/results.json,reports/reconstruction_stage2a/sub-U_ses-20231119T113000_obj-at6hmv_ecephys/sample_0096/arrays.npz
sub-U_ses-20231119T113000_obj-at6hmv_ecephys,11,noncausal,,0.5187713260715909,0.550000011920929,reports/reconstruction_stage2a/sub-U_ses-20231119T113000_obj-at6hmv_ecephys/sample_0097/results.json,reports/reconstruction_stage2a/sub-U_ses-20231119T113000_obj-at6hmv_ecephys/sample_0097/arrays.npz
sub-U_ses-20231119T113000_obj-at6hmv_ecephys,11,causal,,0.32065216902853266,0.550000011920929,reports/reconstruction_stage2a/sub-U_ses-20231119T113000_obj-at6hmv_ecephys/sample_0098/results.json,reports/reconstruction_stage2a/sub-U_ses-20231119T113000_obj-at6hmv_ecephys/sample_0098/arrays.npz
sub-U_ses-20231119T113000_obj-cjtijx_ecephys,12,noncausal,,0.3935018002667831,0.550000011920929,reports/reconstruction_stage2a/sub-U_ses-20231119T113000_obj-cjtijx_ecephys/sample_0099/results.json,reports/reconstruction_stage2a/sub-U_ses-20231119T113000_obj-cjtijx_ecephys/sample_0099/arrays.npz
sub-U_ses-20231119T113000_obj-cjtijx_ecephys,12,noncausal,,0.4894026925698969,0.550000011920929,reports/reconstruction_stage2a/sub-U_ses-20231119T113000_obj-cjtijx_ecephys/sample_0100/results.json,reports/reconstruction_stage2a/sub-U_ses-20231119T113000_obj-cjtijx_ecephys/sample_0100/arrays.npz
sub-U_ses-20231119T113000_obj-cjtijx_ecephys,12,noncausal,,0.45674739996641567,0.550000011920929,reports/reconstruction_stage2a/sub-U_ses-20231119T113000_obj-cjtijx_ecephys/sample_0101/results.json,reports/reconstruction_stage2a/sub-U_ses-20231119T113000_obj-cjtijx_ecephys/sample_0101/arrays.npz
sub-U_ses-20231119T113000_obj-cjtijx_ecephys,12,causal,,0.5077950953114321,0.550000011920929,reports/reconstruction_stage2a/sub-U_ses-20231119T113000_obj-cjtijx_ecephys/sample_0102/results.json,reports/reconstruction_stage2a/sub-U_ses-20231119T113000_obj-cjtijx_ecephys/sample_0102/arrays.npz
sub-U_ses-20231119T113000_obj-cjtijx_ecephys,12,causal,,0.33061224003140366,0.550000011920929,reports/reconstruction_stage2a/sub-U_ses-20231119T113000_obj-cjtijx_ecephys/sample_0103/results.json,reports/reconstruction_stage2a/sub-U_ses-20231119T113000_obj-cjtijx_ecephys/sample_0103/arrays.npz
sub-U_ses-20231119T113000_obj-cjtijx_ecephys,12,recon,,0.3678571379909439,0.550000011920929,reports/reconstruction_stage2a/sub-U_ses-20231119T113000_obj-cjtijx_ecephys/sample_0104/results.json,reports/reconstruction_stage2a/sub-U_ses-20231119T113000_obj-cjtijx_ecephys/sample_0104/arrays.npz
sub-U_ses-20231119T113000_obj-cjtijx_ecephys,12,noncausal,,0.5898876354566974,0.550000011920929,reports/reconstruction_stage2a/sub-U_ses-20231119T113000_obj-cjtijx_ecephys/sample_0105/results.json,reports/reconstruction_stage2a/sub-U_ses-20231119T113000_obj-cjtijx_ecephys/sample_0105/arrays.npz
sub-U_ses-20231119T113000_obj-cjtijx_ecephys,12,spatial,,0.49642856655778067,0.550000011920929,reports/reconstruction_stage2a/sub-U_ses-20231119T113000_obj-cjtijx_ecephys/sample_0106/results.json,reports/reconstruction_stage2a/sub-U_ses-20231119T113000_obj-cjtijx_ecephys/sample_0106/arrays.npz
sub-U_ses-20231119T113000_obj-cjtijx_ecephys,12,noncausal,,0.36964980056662483,0.550000011920929,reports/reconstruction_stage2a/sub-U_ses-20231119T113000_obj-cjtijx_ecephys/sample_0107/results.json,reports/reconstruction_stage2a/sub-U_ses-20231119T113000_obj-cjtijx_ecephys/sample_0107/arrays.npz
sub-U_ses-20231119T113000_obj-en3uzn_ecephys,13,spatial,,0.09440558977419457,0.550000011920929,reports/reconstruction_stage2a/sub-U_ses-20231119T113000_obj-en3uzn_ecephys/sample_0108/results.json,reports/reconstruction_stage2a/sub-U_ses-20231119T113000_obj-en3uzn_ecephys/sample_0108/arrays.npz
sub-U_ses-20231119T113000_obj-en3uzn_ecephys,13,recon,,0.15100670670437158,0.550000011920929,reports/reconstruction_stage2a/sub-U_ses-20231119T113000_obj-en3uzn_ecephys/sample_0109/results.json,reports/reconstruction_stage2a/sub-U_ses-20231119T113000_obj-en3uzn_ecephys/sample_0109/arrays.npz
sub-U_ses-20231119T113000_obj-en3uzn_ecephys,13,noncausal,,0.30170315803079545,0.550000011920929,reports/reconstruction_stage2a/sub-U_ses-20231119T113000_obj-en3uzn_ecephys/sample_0110/results.json,reports/reconstruction_stage2a/sub-U_ses-20231119T113000_obj-en3uzn_ecephys/sample_0110/arrays.npz
sub-U_ses-20231119T113000_obj-en3uzn_ecephys,13,spatial,,0.13409961226596806,0.550000011920929,reports/reconstruction_stage2a/sub-U_ses-20231119T113000_obj-en3uzn_ecephys/sample_0111/results.json,reports/reconstruction_stage2a/sub-U_ses-20231119T113000_obj-en3uzn_ecephys/sample_0111/arrays.npz
sub-U_ses-20231119T113000_obj-en3uzn_ecephys,13,recon,,0.19072164459427154,0.550000011920929,reports/reconstruction_stage2a/sub-U_ses-20231119T113000_obj-en3uzn_ecephys/sample_0112/results.json,reports/reconstruction_stage2a/sub-U_ses-20231119T113000_obj-en3uzn_ecephys/sample_0112/arrays.npz
sub-U_ses-20231119T113000_obj-en3uzn_ecephys,13,recon,,0.13552360937660501,0.550000011920929,reports/reconstruction_stage2a/sub-U_ses-20231119T113000_obj-en3uzn_ecephys/sample_0113/results.json,reports/reconstruction_stage2a/sub-U_ses-20231119T113000_obj-en3uzn_ecephys/sample_0113/arrays.npz
sub-U_ses-20231119T113000_obj-en3uzn_ecephys,13,recon,,0.13938411201290307,0.550000011920929,reports/reconstruction_stage2a/sub-U_ses-20231119T113000_obj-en3uzn_ecephys/sample_0114/results.json,reports/reconstruction_stage2a/sub-U_ses-20231119T113000_obj-en3uzn_ecephys/sample_0114/arrays.npz
sub-U_ses-20231119T113000_obj-en3uzn_ecephys,13,recon,,0.24043715349995531,0.550000011920929,reports/reconstruction_stage2a/sub-U_ses-20231119T113000_obj-en3uzn_ecephys/sample_0115/results.json,reports/reconstruction_stage2a/sub-U_ses-20231119T113000_obj-en3uzn_ecephys/sample_0115/arrays.npz
sub-U_ses-20231119T113000_obj-en3uzn_ecephys,13,causal,,0.15053762969155088,0.550000011920929,reports/reconstruction_stage2a/sub-U_ses-20231119T113000_obj-en3uzn_ecephys/sample_0116/results.json,reports/reconstruction_stage2a/sub-U_ses-20231119T113000_obj-en3uzn_ecephys/sample_0116/arrays.npz
sub-U_ses-20231119T113000_obj-fvpkkt_ecephys,14,causal,,0.442687742158759,0.550000011920929,reports/reconstruction_stage2a/sub-U_ses-20231119T113000_obj-fvpkkt_ecephys/sample_0117/results.json,reports/reconstruction_stage2a/sub-U_ses-20231119T113000_obj-fvpkkt_ecephys/sample_0117/arrays.npz
sub-U_ses-20231119T113000_obj-fvpkkt_ecephys,14,spatial,,0.5632653010765515,0.550000011920929,reports/reconstruction_stage2a/sub-U_ses-20231119T113000_obj-fvpkkt_ecephys/sample_0118/results.json,reports/reconstruction_stage2a/sub-U_ses-20231119T113000_obj-fvpkkt_ecephys/sample_0118/arrays.npz
sub-U_ses-20231119T113000_obj-fvpkkt_ecephys,14,noncausal,,0.5062240613625799,0.550000011920929,reports/reconstruction_stage2a/sub-U_ses-20231119T113000_obj-fvpkkt_ecephys/sample_0119/results.json,reports/reconstruction_stage2a/sub-U_ses-20231119T113000_obj-fvpkkt_ecephys/sample_0119/arrays.npz
sub-U_ses-20231119T113000_obj-fvpkkt_ecephys,14,spatial,,0.5945945895475206,0.550000011920929,reports/reconstruction_stage2a/sub-U_ses-20231119T113000_obj-fvpkkt_ecephys/sample_0120/results.json,reports/reconstruction_stage2a/sub-U_ses-20231119T113000_obj-fvpkkt_ecephys/sample_0120/arrays.npz
sub-U_ses-20231119T113000_obj-fvpkkt_ecephys,14,causal,,0.5400843831444392,0.550000011920929,reports/reconstruction_stage2a/sub-U_ses-20231119T113000_obj-fvpkkt_ecephys/sample_0121/results.json,reports/reconstruction_stage2a/sub-U_ses-20231119T113000_obj-fvpkkt_ecephys/sample_0121/arrays.npz
sub-U_ses-20231119T113000_obj-fvpkkt_ecephys,14,causal,,0.5047618997156462,0.550000011920929,reports/reconstruction_stage2a/sub-U_ses-20231119T113000_obj-fvpkkt_ecephys/sample_0122/results.json,reports/reconstruction_stage2a/sub-U_ses-20231119T113000_obj-fvpkkt_ecephys/sample_0122/arrays.npz
sub-U_ses-20231119T113000_obj-fvpkkt_ecephys,14,causal,,0.5020242864869119,0.550000011920929,reports/reconstruction_stage2a/sub-U_ses-20231119T113000_obj-fvpkkt_ecephys/sample_0123/results.json,reports/reconstruction_stage2a/sub-U_ses-20231119T113000_obj-fvpkkt_ecephys/sample_0123/arrays.npz
sub-U_ses-20231119T113000_obj-fvpkkt_ecephys,14,causal,,0.46445497126210106,0.550000011920929,reports/reconstruction_stage2a/sub-U_ses-20231119T113000_obj-fvpkkt_ecephys/sample_0124/results.json,reports/reconstruction_stage2a/sub-U_ses-20231119T113000_obj-fvpkkt_ecephys/sample_0124/arrays.npz
sub-U_ses-20231119T113000_obj-fvpkkt_ecephys,14,spatial,,0.42452829696066224,0.550000011920929,reports/reconstruction_stage2a/sub-U_ses-20231119T113000_obj-fvpkkt_ecephys/sample_0125/results.json,reports/reconstruction_stage2a/sub-U_ses-20231119T113000_obj-fvpkkt_ecephys/sample_0125/arrays.npz
sub-U_ses-20231119T113000_obj-hom2cn_ecephys,15,causal,,0.2508474526726803,0.550000011920929,reports/reconstruction_stage2a/sub-U_ses-20231119T113000_obj-hom2cn_ecephys/sample_0126/results.json,reports/reconstruction_stage2a/sub-U_ses-20231119T113000_obj-hom2cn_ecephys/sample_0126/arrays.npz
sub-U_ses-20231119T113000_obj-hom2cn_ecephys,15,recon,,0.45508981530495896,0.550000011920929,reports/reconstruction_stage2a/sub-U_ses-20231119T113000_obj-hom2cn_ecephys/sample_0127/results.json,reports/reconstruction_stage2a/sub-U_ses-20231119T113000_obj-hom2cn_ecephys/sample_0127/arrays.npz
sub-U_ses-20231119T113000_obj-hom2cn_ecephys,15,causal,,0.2738853453904824,0.550000011920929,reports/reconstruction_stage2a/sub-U_ses-20231119T113000_obj-hom2cn_ecephys/sample_0128/results.json,reports/reconstruction_stage2a/sub-U_ses-20231119T113000_obj-hom2cn_ecephys/sample_0128/arrays.npz
sub-U_ses-20231119T113000_obj-hom2cn_ecephys,15,noncausal,,0.27564102070553914,0.550000011920929,reports/reconstruction_stage2a/sub-U_ses-20231119T113000_obj-hom2cn_ecephys/sample_0129/results.json,reports/reconstruction_stage2a/sub-U_ses-20231119T113000_obj-hom2cn_ecephys/sample_0129/arrays.npz
sub-U_ses-20231119T113000_obj-hom2cn_ecephys,15,causal,,0.38493723346159914,0.550000011920929,reports/reconstruction_stage2a/sub-U_ses-20231119T113000_obj-hom2cn_ecephys/sample_0130/results.json,reports/reconstruction_stage2a/sub-U_ses-20231119T113000_obj-hom2cn_ecephys/sample_0130/arrays.npz
sub-U_ses-20231119T113000_obj-hom2cn_ecephys,15,causal,,0.37333332832237043,0.550000011920929,reports/reconstruction_stage2a/sub-U_ses-20231119T113000_obj-hom2cn_ecephys/sample_0131/results.json,reports/reconstruction_stage2a/sub-U_ses-20231119T113000_obj-hom2cn_ecephys/sample_0131/arrays.npz
sub-U_ses-20231119T113000_obj-hom2cn_ecephys,15,causal,,0.3978494573598104,0.550000011920929,reports/reconstruction_stage2a/sub-U_ses-20231119T113000_obj-hom2cn_ecephys/sample_0132/results.json,reports/reconstruction_stage2a/sub-U_ses-20231119T113000_obj-hom2cn_ecephys/sample_0132/arrays.npz
sub-U_ses-20231119T113000_obj-hom2cn_ecephys,15,recon,,0.42335765917417023,0.550000011920929,reports/reconstruction_stage2a/sub-U_ses-20231119T113000_obj-hom2cn_ecephys/sample_0133/results.json,reports/reconstruction_stage2a/sub-U_ses-20231119T113000_obj-hom2cn_ecephys/sample_0133/arrays.npz
sub-U_ses-20231119T113000_obj-hom2cn_ecephys,15,causal,,0.3366336583899182,0.550000011920929,reports/reconstruction_stage2a/sub-U_ses-20231119T113000_obj-hom2cn_ecephys/sample_0134/results.json,reports/reconstruction_stage2a/sub-U_ses-20231119T113000_obj-hom2cn_ecephys/sample_0134/arrays.npz
sub-U_ses-20231119T113000_obj-oqeor8_ecephys,17,recon,,0.5134099566923563,0.550000011920929,reports/reconstruction_stage2a/sub-U_ses-20231119T113000_obj-oqeor8_ecephys/sample_0135/results.json,reports/reconstruction_stage2a/sub-U_ses-20231119T113000_obj-oqeor8_ecephys/sample_0135/arrays.npz
sub-U_ses-20231119T113000_obj-oqeor8_ecephys,17,noncausal,,0.5247524702269387,0.550000011920929,reports/reconstruction_stage2a/sub-U_ses-20231119T113000_obj-oqeor8_ecephys/sample_0136/results.json,reports/reconstruction_stage2a/sub-U_ses-20231119T113000_obj-oqeor8_ecephys/sample_0136/arrays.npz
sub-U_ses-20231119T113000_obj-oqeor8_ecephys,17,recon,,0.36578170596601145,0.550000011920929,reports/reconstruction_stage2a/sub-U_ses-20231119T113000_obj-oqeor8_ecephys/sample_0137/results.json,reports/reconstruction_stage2a/sub-U_ses-20231119T113000_obj-oqeor8_ecephys/sample_0137/arrays.npz
sub-U_ses-20231119T113000_obj-oqeor8_ecephys,17,noncausal,,0.4014084457178635,0.550000011920929,reports/reconstruction_stage2a/sub-U_ses-20231119T113000_obj-oqeor8_ecephys/sample_0138/results.json,reports/reconstruction_stage2a/sub-U_ses-20231119T113000_obj-oqeor8_ecephys/sample_0138/arrays.npz
sub-U_ses-20231119T113000_obj-oqeor8_ecephys,17,recon,,0.4344827536249703,0.550000011920929,reports/reconstruction_stage2a/sub-U_ses-20231119T113000_obj-oqeor8_ecephys/sample_0139/results.json,reports/reconstruction_stage2a/sub-U_ses-20231119T113000_obj-oqeor8_ecephys/sample_0139/arrays.npz
sub-U_ses-20231119T113000_obj-oqeor8_ecephys,17,noncausal,,0.4075471648011393,0.550000011920929,reports/reconstruction_stage2a/sub-U_ses-20231119T113000_obj-oqeor8_ecephys/sample_0140/results.json,reports/reconstruction_stage2a/sub-U_ses-20231119T113000_obj-oqeor8_ecephys/sample_0140/arrays.npz
sub-U_ses-20231119T113000_obj-oqeor8_ecephys,17,recon,,0.533333328295271,0.550000011920929,reports/reconstruction_stage2a/sub-U_ses-20231119T113000_obj-oqeor8_ecephys/sample_0141/results.json,reports/reconstruction_stage2a/sub-U_ses-20231119T113000_obj-oqeor8_ecephys/sample_0141/arrays.npz
sub-U_ses-20231119T113000_obj-oqeor8_ecephys,17,recon,,0.4686192418480069,0.550000011920929,reports/reconstruction_stage2a/sub-U_ses-20231119T113000_obj-oqeor8_ecephys/sample_0142/results.json,reports/reconstruction_stage2a/sub-U_ses-20231119T113000_obj-oqeor8_ecephys/sample_0142/arrays.npz
sub-U_ses-20231119T113000_obj-oqeor8_ecephys,17,noncausal,,0.3018867875383411,0.550000011920929,reports/reconstruction_stage2a/sub-U_ses-20231119T113000_obj-oqeor8_ecephys/sample_0143/results.json,reports/reconstruction_stage2a/sub-U_ses-20231119T113000_obj-oqeor8_ecephys/sample_0143/arrays.npz
sub-U_ses-20231119T113000_obj-skejyf_ecephys,19,noncausal,,0.45517240888751487,0.550000011920929,reports/reconstruction_stage2a/sub-U_ses-20231119T113000_obj-skejyf_ecephys/sample_0144/results.json,reports/reconstruction_stage2a/sub-U_ses-20231119T113000_obj-skejyf_ecephys/sample_0144/arrays.npz
sub-U_ses-20231119T113000_obj-skejyf_ecephys,19,causal,,0.5038759640120788,0.550000011920929,reports/reconstruction_stage2a/sub-U_ses-20231119T113000_obj-skejyf_ecephys/sample_0145/results.json,reports/reconstruction_stage2a/sub-U_ses-20231119T113000_obj-skejyf_ecephys/sample_0145/arrays.npz
sub-U_ses-20231119T113000_obj-skejyf_ecephys,19,noncausal,,0.5774058527385725,0.550000011920929,reports/reconstruction_stage2a/sub-U_ses-20231119T113000_obj-skejyf_ecephys/sample_0146/results.json,reports/reconstruction_stage2a/sub-U_ses-20231119T113000_obj-skejyf_ecephys/sample_0146/arrays.npz
sub-U_ses-20231119T113000_obj-skejyf_ecephys,19,recon,,0.42352940680899653,0.550000011920929,reports/reconstruction_stage2a/sub-U_ses-20231119T113000_obj-skejyf_ecephys/sample_0147/results.json,reports/reconstruction_stage2a/sub-U_ses-20231119T113000_obj-skejyf_ecephys/sample_0147/arrays.npz
sub-U_ses-20231119T113000_obj-skejyf_ecephys,19,causal,,0.5676855845296621,0.550000011920929,reports/reconstruction_stage2a/sub-U_ses-20231119T113000_obj-skejyf_ecephys/sample_0148/results.json,reports/reconstruction_stage2a/sub-U_ses-20231119T113000_obj-skejyf_ecephys/sample_0148/arrays.npz
sub-U_ses-20231119T113000_obj-skejyf_ecephys,19,spatial,,0.46043164970938366,0.550000011920929,reports/reconstruction_stage2a/sub-U_ses-20231119T113000_obj-skejyf_ecephys/sample_0149/results.json,reports/reconstruction_stage2a/sub-U_ses-20231119T113000_obj-skejyf_ecephys/sample_0149/arrays.npz
sub-U_ses-20231119T113000_obj-skejyf_ecephys,19,causal,,0.3818181769028926,0.550000011920929,reports/reconstruction_stage2a/sub-U_ses-20231119T113000_obj-skejyf_ecephys/sample_0150/results.json,reports/reconstruction_stage2a/sub-U_ses-20231119T113000_obj-skejyf_ecephys/sample_0150/arrays.npz
sub-U_ses-20231119T113000_obj-skejyf_ecephys,19,recon,,0.5641025591069472,0.550000011920929,reports/reconstruction_stage2a/sub-U_ses-20231119T113000_obj-skejyf_ecephys/sample_0151/results.json,reports/reconstruction_stage2a/sub-U_ses-20231119T113000_obj-skejyf_ecephys/sample_0151/arrays.npz
sub-U_ses-20231119T113000_obj-skejyf_ecephys,19,spatial,,0.5888324822870984,0.550000011920929,reports/reconstruction_stage2a/sub-U_ses-20231119T113000_obj-skejyf_ecephys/sample_0152/results.json,reports/reconstruction_stage2a/sub-U_ses-20231119T113000_obj-skejyf_ecephys/sample_0152/arrays.npz
sub-U_ses-20231119T113000_obj-zvgjcc_ecephys,20,recon,,0.21238937576041989,0.550000011920929,reports/reconstruction_stage2a/sub-U_ses-20231119T113000_obj-zvgjcc_ecephys/sample_0153/results.json,reports/reconstruction_stage2a/sub-U_ses-20231119T113000_obj-zvgjcc_ecephys/sample_0153/arrays.npz
sub-U_ses-20231119T113000_obj-zvgjcc_ecephys,20,spatial,,0.17021276125725593,0.550000011920929,reports/reconstruction_stage2a/sub-U_ses-20231119T113000_obj-zvgjcc_ecephys/sample_0154/results.json,reports/reconstruction_stage2a/sub-U_ses-20231119T113000_obj-zvgjcc_ecephys/sample_0154/arrays.npz
sub-U_ses-20231119T113000_obj-zvgjcc_ecephys,20,spatial,,0.3018867873834105,0.550000011920929,reports/reconstruction_stage2a/sub-U_ses-20231119T113000_obj-zvgjcc_ecephys/sample_0155/results.json,reports/reconstruction_stage2a/sub-U_ses-20231119T113000_obj-zvgjcc_ecephys/sample_0155/arrays.npz
sub-U_ses-20231119T113000_obj-zvgjcc_ecephys,20,causal,,0.15926492621666066,0.550000011920929,reports/reconstruction_stage2a/sub-U_ses-20231119T113000_obj-zvgjcc_ecephys/sample_0156/results.json,reports/reconstruction_stage2a/sub-U_ses-20231119T113000_obj-zvgjcc_ecephys/sample_0156/arrays.npz
sub-U_ses-20231119T113000_obj-zvgjcc_ecephys,20,spatial,,0.1472392589030921,0.550000011920929,reports/reconstruction_stage2a/sub-U_ses-20231119T113000_obj-zvgjcc_ecephys/sample_0157/results.json,reports/reconstruction_stage2a/sub-U_ses-20231119T113000_obj-zvgjcc_ecephys/sample_0157/arrays.npz
sub-U_ses-20231119T113000_obj-zvgjcc_ecephys,20,spatial,,0.15053762959751302,0.550000011920929,reports/reconstruction_stage2a/sub-U_ses-20231119T113000_obj-zvgjcc_ecephys/sample_0158/results.json,reports/reconstruction_stage2a/sub-U_ses-20231119T113000_obj-zvgjcc_ecephys/sample_0158/arrays.npz
sub-U_ses-20231119T113000_obj-zvgjcc_ecephys,20,recon,,0.12746585243508252,0.550000011920929,reports/reconstruction_stage2a/sub-U_ses-20231119T113000_obj-zvgjcc_ecephys/sample_0159/results.json,reports/reconstruction_stage2a/sub-U_ses-20231119T113000_obj-zvgjcc_ecephys/sample_0159/arrays.npz
sub-U_ses-20231119T113000_obj-zvgjcc_ecephys,20,noncausal,,0.19112627507367597,0.550000011920929,reports/reconstruction_stage2a/sub-U_ses-20231119T113000_obj-zvgjcc_ecephys/sample_0160/results.json,reports/reconstruction_stage2a/sub-U_ses-20231119T113000_obj-zvgjcc_ecephys/sample_0160/arrays.npz
sub-U_ses-20231119T113000_obj-zvgjcc_ecephys,20,noncausal,,0.20895521922031643,0.550000011920929,reports/reconstruction_stage2a/sub-U_ses-20231119T113000_obj-zvgjcc_ecephys/sample_0161/results.json,reports/reconstruction_stage2a/sub-U_ses-20231119T113000_obj-zvgjcc_ecephys/sample_0161/arrays.npz
